complex_id,organism_taxid,organism_scientific,participant_count_extracted,passes_heterodimer_le_maxlen,failure_reasons,chainA_uniprot,chainA_label,chainA_length,chainA_fasta,chainB_uniprot,chainB_label,chainB_length,chainB_fasta
complex portal_CPX-1125,559292,Saccharomyces cerevisiae,2,yes,,Q04410,GRH1,372,">Q04410|GRH1
MFRIAKNLVRTFEQSVQDTLALSQDSSNLDAFFQSIPPNLLSAQLESPVDAVSEGVKHTN
VNETLSGLRIVWVDEMQFQLQSFFDYIVGFNDDPVPVVSNQHGFSYPDYRRITSIFNEHC
GRTLKVNIWSAKGGTFRDEYISIISKESDDLDDVSLNHDERRPSSGEAHQFQALGFKVQW
TPLIASTFTYHILNVNIPDGPAQSAGLIPDEDYIIGCQDGLLATGGETLLQDIVRSRANY
DLVLYVYNKVSDCVRPITVHIGPDGRLGCNVGYGFLHRIPTVKHCPQQAQQQGQDDNPVP
VPVPVESETAFVPSAFTAPPVPTKKKSKNKKGTQPLAMDDYFNEGRDKSSTAAKSAESDI
LAPPPQKQSSSD",Q12191,BUG1,341,">Q12191|BUG1
MSEQESDEVKRMKQLEEARKRVEELKKKKNKKNKGKKNKNSSATGSIGSETPDLEGTPGE
ESTQEETVKANSTKSENNDQNDVDEESEEKEIEQVKSDPSGTTEKDIEEINSTSSNVGKD
DAENTKKEEVQEVIKNNNDEQTADAGKTIEPQEEKKIVQTQEGNEPSNTSEAADDLFAND
GNEESDFLTTIKKQKEEDELTKLRAENEKLTQENKQLKFLNMENETTVDDLQDQLQEKED
IINGLQNDLQTARDELIAAVEKLKLAEAKAARNTTATPIQFADFNTSSNNLTPSQSVTNS
GTQVAHGNNMEVDRVMLNKWRQWNVDMTTWRSIGSGPIMEF"
complex portal_CPX-1185,559292,Saccharomyces cerevisiae,2,yes,,Q06151,DCS1,350,">Q06151|DCS1
MSQLPTDFASLIKRFQFVSVLDSNPQTKVMSLLGTIDNKDAIITAEKTHFLFDETVRRPS
QDGRSTPVLYNCENEYSCINGIQELKEITSNDIYYWGLSVIKQDMESNPTAKLNLIWPAT
PIHIKKYEQQNFHLVRETPEMYKRIVQPYIEEMCNNGRLKWVNNILYEGAESERVVYKDF
SEENKDDGFLILPDMKWDGMNLDSLYLVAIVYRTDIKTIRDLRYSDRQWLINLNNKIRSI
VPGCYNYAVHPDELRILVHYQPSYYHFHIHIVNIKHPGLGNSIAAGKAILLEDIIEMLNY
LGPEGYMNKTITYAIGENHDLWKRGLEEELTKQLERDGIPKIPKIVNGFK",Q12123,DCS2,353,">Q12123|DCS2
MGSQDLASLIGRFKYVRVLDSNPHTKVISLLGSIDGKDAVLTAEKTHFIFDETVRRPSQS
GRSTPIFFHREIDEYSFLNGITDLKELTSNDIYYWGLSVLKQHILHNPTAKVNLIWPASQ
FHIKGYDQQDLHVVRETPDMYRNIVVPFIQEMCTSERMKWVNNILYEGAEDDRVVYKEYS
SRNKEDGFVILPDMKWDGINIDSLYLVAIVYRDDIKSLRDLNPNHRDWLIRLNKKIKTII
PQHYDYNVNPDELRVFIHYQPSYYHFHVHIVNIRHPGVGEERGSGMTILLEDVIEALGFL
GPEGYMKKTLTYVIGENHDLWKKGFKEEVEKQLKHDGIATSPEKGSGFNTNLG"
complex portal_CPX-8171,559292,Saccharomyces cerevisiae,2,yes,,P36040,ADD66,267,">P36040|ADD66
MSCLVLPLVSVGNIPQLSIDWLLNSQANEWEYLEALDSKYLVEFVGPLDRPEDGSDSLYK
DADMKYSSALEVFYNKKRGLFAIQQRTPLVSVNYLNNFIVEIILPFLSKYNISEICIWDS
LYAMEDENGVIVRPQEVYSLGEFYFDDEAELLSNLHLNDQESMVNNWLHFTPTSFQDKIS
VDQPIFKILFQILNASQRPKALRSIKYCSCLANEGDNSLDSQQFLQWIISQKVIKNAPPI
VKFVRPISWQGAYGMADARDKFVDLYN",Q05778,PBA1,276,">Q05778|PBA1
MLFKQWNDLPEPKHLLDLPEISKNLQSLEVCPVPKVEFPQDLDVPQYSTAVITTKIMNPL
FPKNLLQLTSIGEIKTTLTVKSPSLPQSSGKHSWNYDENFPNEVDPDQKNDTADETVYGF
SFPIYSFGKTLLFSMEENFISISPIFGNMISRSIISQLAQFSPDIIVIGTSDKIASMKVM
TENECTLQPPEFITGFIGSVLTQLIVGPSKGLKFKCLVAPSEGPNGFEKLSLSDMGSLVD
LCGQWLGFEPSRYSEECYRLWRCDSAAIGAQSGLYI"
complex portal_CPX-8172,559292,Saccharomyces cerevisiae,2,yes,,Q07951,IRC25,179,">Q07951|IRC25
MISYEFQTHLPKGKDSSLNASSENKELYVQATHFNNTILLQIRLNGEMDSTYEVSSKGLN
PILDINVPLAGNLGNTGGDYDDEEEEFVRDHLSDYQVVTKLGDSADPKVPVVCVQIAELY
RRVILPEVSGTMAQDNMQFSLLISMSSKIWRATKEQSADDNDFGKLVFVLKCIKDMYAK",Q12245,POC4,148,">Q12245|POC4
MLVKTISRTIESESGFLQPTLDVIATLPADDRSKKIPISLVVGFKQEASLNSSSSLSCYY
YAIPLMRDRHINLKSGGSNVVGIPLLDTKDDRIRDMARHMATIISERFNRPCYVTWSSLP
SEDPSMLVANHLYILKKCLDLLKTELGE"
complex portal_CPX-6864,559292,Saccharomyces cerevisiae,2,yes,,P53082,BOL2,120,">P53082|BOL2
MTGERIEKVKINDEFAKSHFLTTQWRETKRQRHYKMPVTEQGLRERIESAIPQVYHIIVT
DLSYGCGQSFDIVVVSDFFQGKSKLMRSRAVNKAVKEELQEIHAFSCKCYTEEEWSKIVV",Q03835,GRX3,250,">Q03835|GRX3
MPVIEINDQEQFTYLTTTAAGDKLIVLYFHTSWAEPCKALKQVFEAISNEPSNSNVSFLS
IDADENSEISELFEISAVPYFIIIHKGTILKELSGADPKEYVSLLEDCKNSVNSGSSQTH
TMENANVNEGSHNDEDDDDEEEEEETEEQINARLTKLVNAAPVMLFMKGSPSEPKCGFSR
QLVGILREHQVRFGFFDILRDESVRQNLKKFSEWPTFPQLYINGEFQGGLDIIKESLEED
PDFLQHALQS"
complex portal_CPX-6865,559292,Saccharomyces cerevisiae,2,yes,,P32642,GRX4,244,">P32642|GRX4
MTVVEIKSQDQFTQLTTTNAANKLIVLYFKAQWADPCKTMSQVLEAVSEKVRQEDVRFLS
IDADEHPEISDLFEIAAVPYFVFIQNGTIVKEISAADPKEFVKSLEILSNASASLANNAK
GPKSTSDEESSGSSDDEEDETEEEINARLVKLVQAAPVMLFMKGSPSEPKCGFSRQLVGI
LREHQIRFGFFDILRDENVRQSLKKFSDWPTFPQLYINGEFQGGLDIIKESIEEDPEYFQ
HALQ",P53082,BOL2,120,">P53082|BOL2
MTGERIEKVKINDEFAKSHFLTTQWRETKRQRHYKMPVTEQGLRERIESAIPQVYHIIVT
DLSYGCGQSFDIVVVSDFFQGKSKLMRSRAVNKAVKEELQEIHAFSCKCYTEEEWSKIVV"
complex portal_CPX-6928,559292,Saccharomyces cerevisiae,2,yes,,Q02784,GRX5,150,">Q02784|GRX5
MFLPKFNPIRSFSPILRAKTLLRYQNRMYLSTEIRKAIEDAIESAPVVLFMKGTPEFPKC
GFSRATIGLLGNQGVDPAKFAAYNVLEDPELREGIKEFSEWPTIPQLYVNKEFIGGCDVI
TSMARSGELADLLEEAQALVPEEEEETKDR",Q3E793,BOL1,110,">Q3E793|BOL1
MFKRAMSTDGPVARTILKRLECGFPDYKNFAFGLYNDSHKHKGHAGVQGNVSAETHFRIE
MVSKKFEGLKLPQRHRMVYSLLQDEMAQANGIHALQLSLKTPQEYESKAK"
complex portal_CPX-6930,559292,Saccharomyces cerevisiae,2,yes,,P39724,BOL3,118,">P39724|BOL3
MKLPQTMLRSISVKHVRWPRILTGSKLWYSTQMAMTPEEKMITDKLQQELEPEVCKVQDV
SGGCGSMFAINITSKKFNGLSLIKQHQLVNRILRDDISRWHGLQLTTKKSTGKGPASS",Q02784,GRX5,150,">Q02784|GRX5
MFLPKFNPIRSFSPILRAKTLLRYQNRMYLSTEIRKAIEDAIESAPVVLFMKGTPEFPKC
GFSRATIGLLGNQGVDPAKFAAYNVLEDPELREGIKEFSEWPTIPQLYVNKEFIGGCDVI
TSMARSGELADLLEEAQALVPEEEEETKDR"
complex portal_CPX-3279,559292,Saccharomyces cerevisiae,2,yes,,P40576,INA22,216,">P40576|INA22
MFMARQVLRNGLFLRSLAPIKITARTVASANAGIKRKSRFDKTMIKPLLLVMIFGSILNA
VIAEKRNIIDMERKYKLKLDKLKELIRRVHDNNGKVDFDADDELKLVNLRLGIVGKNATG
MKEDETDIVVPKEESLEEIWQSIIDEAKKEVIEKTPDAGVKNKEGIVTDLNVLKDLEKSK
KEDEKVYLSGDVHMMMNQPGDLNEIAKEHDKIPKFL",Q02888,INA17,182,">Q02888|INA17
MLKRRSNALITLSRTKLFPITTVAYYHRRLLNQQRRAVSTSPKKEIKSLEDLANLDSLDG
VDTELIRDLINEHTTKLNIKKELDMLKKFSQEEESGHEIPVKRFIRPLWMFILMGSSVYL
LLHFSWWKLEHEERESQLKKEVEILEHQLNELIVQDKTHNTSRGKGSNESTHMKPWYRRW
FW"
complex portal_CPX-684,559292,Saccharomyces cerevisiae,2,yes,,P0CY08,MATALPHA2,210,">P0CY08|MATALPHA2
MNKIPIKDLLNPQITDEFKSSILDINKKLFSICCNLPKLPESVTTEEEVELRDILGFLSR
ANKNRKISDEEKKLLQTTSQLTTTITVLLKEMRSIENDRSNYQLTQKNKSADGLVFNVVT
QDMINKSTKPYRGHRFTKENVRILESWFAKNIENPYLDTKGLENLMKNTSLSRIQIKNWV
SNRRRKEKTITIAPELADLLSGEPLAKKKE",P0CY11,HMRA1,126,">P0CY11|HMRA1
MDDICSMAENINRTLFNILGTEIDEINLNTNNLYNFIMESNLTKVEQHTLHKNISNNRLE
IYHHIKKEKSPKGKSSISPQARAFLEQVFRRKQSLNSKEKEEVAKKCGITPLQVRVWFIN
KRMRSK"
complex portal_CPX-813,559292,Saccharomyces cerevisiae,2,yes,,P41912,SHR5,237,">P41912|SHR5
MCDSHQKEEDNANTSERALFFNYHEFSYSFYEDLGSEDAKPTEHDEDHKLCITHFPNVYA
ARGSAEFQVTRVVRVPRRFDESRSSLETPQFSTQLPGSEPAAIVGDDGTSFVRCGRYDIG
DHVFGCSSVSPLSEYLSAAELAEVVHRVNGFLLREEGEVFGWRNLSGLLLDMLTGGLWSW
VLGPLLSRPVFQESLALEQYVAQLNSPGGLLHERGVRLVLPRRSGCLSLDFVVPRPK",Q06551,ERF2,359,">Q06551|ERF2
MALVSRRSTRSESTSITKEEHTGEGSLTKLFFRWLVTLEGDQDINDGKGYISLPNVSNYI
FFLGGRFRTVKGAKPLWLGVLLAIVCPMVLFSIFEAHKLWHTQNGYKVLVIFFYYFWVIT
LASFIRTATSDPGVLPRNIHLSQLRNNYQIPQEYYNLITLPTHSSISKDITIKYCPSCRI
WRPPRSSHCSTCNVCVMVHDHHCIWVNNCIGKRNYRFFLIFLLGAILSSVILLTNCAIHI
ARESGGPRDCPVAILLLCYAGLTLWYPAILFTYHIFMAGNQQTTREFLKGIGSKKNPVFH
RVVKEENIYNKGSFLKNMGHLMLEPRGPSFVSARKPHEAGDWRFMDLSPAHSFEKIQKI"
complex portal_CPX-3342,559292,Saccharomyces cerevisiae,2,yes,,P25587,LDB16,256,">P25587|LDB16
MFVVDWSVQLCMGVISPLFRALVQLPLSIFVWNGFQLVALPINIPLRLFLGTSLSRLVAQ
TSTLDFYVVLTLFQYFAVLCAFGSIIGLIFGFILGVFHSICGVPSVYISLEWKRWFAPIR
TVLERASTSIVNIMRGQTIAPIPMPKPNPTHISKPNMKKFHDEPGADDMTITHDVNCYIT
PCQTPTNEKIQHYNNDSFNTTTTDDEPTDIWDRSDTYQNSFVTNETLMSLSNRAKLRRNA
SDADIVNIKILRRNSR",Q06058,SEI1,285,">Q06058|SEI1
MKINVSRPLQFLQWSSYIVVAFLIQLLIILPLSILIYHDFYLRLLPADSSNVVPLNTFNI
LNGVQFGTKFFQSIKSIPVGTDLPQTIDNGLSQLIPMRDNMEYKLDLNLQLYCQSKTDHL
NLDNLLIDVYRGPGPLLGAPGGSNSKDEKIFHTSRPIVCLALTDSMSPQEIEQLGPSRLD
VYDEEWLNTIRIEDKISLESSYETISVFLKTEIAQRNLIIHPESGIKFRMNFEQGLRNLM
LRKRFLSYIIGISIFHCIICVLFFITGCTAFIFVRKGQEKSKKHS"
complex portal_CPX-2541,559292,Saccharomyces cerevisiae,2,yes,,P52490,UBC13,153,">P52490|UBC13
MASLPKRIIKETEKLVSDPVPGITAEPHDDNLRYFQVTIEGPEQSPYEDGIFELELYLPD
DYPMEAPKVRFLTKIYHPNIDRLGRICLDVLKTNWSPALQIRTVLLSIQALLASPNPNDP
LANDVAEDWIKNEQGAKAKAREWTKLYAKKKPE",P53152,MMS2,137,">P53152|MMS2
MSKVPRNFRLLEELEKGEKGFGPESCSYGLADSDDITMTKWNGTILGPPHSNHENRIYSL
SIDCGPNYPDSPPKVTFISKINLPCVNPTTGEVQTDFHTLRDWKRAYTMETLLLDLRKEM
ATPANKKLRQPKEGETF"
complex portal_CPX-2267,559292,Saccharomyces cerevisiae,2,yes,,P00445,SOD1,154,">P00445|SOD1
MVQAVAVLKGDAGVSGVVKFEQASESEPTTVSYEIAGNSPNAERGFHIHEFGDATNGCVS
AGPHFNPFKKTHGAPTDEVRHVGDMGNVKTDENGVAKGSFKDSLIKLIGPTSVVGRSVVI
HAGQDDLGKGDTEESLKTGNAGPRPACGVIGLTN",P40202,CCS1,249,">P40202|CCS1
MTTNDTYEATYAIPMHCENCVNDIKACLKNVPGINSLNFDIEQQIMSVESSVAPSTIINT
LRNCGKDAIIRGAGKPNSSAVAILETFQKYTIDQKKDTAVRGLARIVQVGENKTLFDITV
NGVPEAGNYHASIHEKGDVSKGVESTGKVWHKFDEPIECFNESDLGKNLYSGKTFLSAPL
PTWQLIGRSFVISKSLNHPENEPSSVKDYSFLGVIARSAGVWENNKQVCACTGKTVWEER
KDALANNIK"
complex portal_CPX-2281,559292,Saccharomyces cerevisiae,2,yes,,Q08176,MIM1,113,">Q08176|MIM1
MTEVVGFWESVSDDESEDKDCMEVQNTVSADESPLVQSLVSFVGSCSINLLLPFLNGMML
GFGELFAHELCWRFNWFNHRNKGYKVYPESRKIAALKEISSPGTRGRVASKFL",Q3E798,MIM2,87,">Q3E798|MIM2
MADSEDTSVILQGIDTINSVEGLEEDGYLSDEDTSLSNELADAQRQWEESLQQLNKLLNW
VLLPLLGKYIGRRMAKTLWSRFIEHFV"
complex portal_CPX-1891,559292,Saccharomyces cerevisiae,2,yes,,P20433,RPB4,221,">P20433|RPB4
MNVSTSTFQTRRRRLKKVEEEENAATLQLGQEFQLKQINHQGEEEELIALNLSEARLVIK
EALVERRRAFKRSQKKHKKKHLKHENANDETTAVEDEDDDLDEDDVNADDDDFMHSETRE
KELESIDVLLEQTTGGNNKDLKNTMQYLTNFSRFRDQETVGAVIQLLKSTGLHPFEVAQL
GSLACDTADEAKTLIPSLNNKISDDELERILKELSNLETLY",P34087,RPB7,171,">P34087|RPB7
MFFIKDLSLNITLHPSFFGPRMKQYLKTKLLEEVEGSCTGKFGYILCVLDYDNIDIQRGR
ILPTDGSAEFNVKYRAVVFKPFKGEVVDGTVVSCSQHGFEVQVGPMKVFVTKHLMPQDLT
FNAGSNPPSYQSSEDVITIKSRIRVKIEGCISQVSSIHAIGSIKEDYLGAI"
complex portal_CPX-1905,559292,Saccharomyces cerevisiae,2,yes,,P38855,PEX18,283,">P38855|PEX18
MNSNRCQTNEVNKFISSTEKGPFTGRDNTLSFNKIGSRLNSPPILKDKIELKFLQHSEDL
NQSRSYVNIRPRTLEDQSYKFEAPNLNDNETSWAKDFRYNFPKNVEPPIENQIANLNINN
GLRTSQTDFPLGFYSQKNFNIASFPVVDHQIFKTTGLEHPINSHIDSLINAEFSELEASS
LEEDVHTEEENSGTSLEDEETAMKGLASDIIEFCDNNSANKDVKERLNSSKFMGLMGSIS
DGSIVLKKDNGTERNLQKHVGFCFQNSGNWAGLEFHDVEDRIA",P39108,PEX7,375,">P39108|PEX7
MLRYHMQGFSGYGVQYSPFFDNRLAVAAGSNFGLVGNGKLFILEIDRSGRIVEVNSFLTQ
DCLFDLAWNESHENQVLVAQGDGTLRLFDTTFKEFPIAIFKEHEREVFSCNWNLVNRQNF
LSSSWDGSIKIWSPLRKQSLMTLTPRPLEITKMVDPLNAIILKKKSFTGISKNRNCVYQA
QFSPHDQNLVLSCSGNSYASLFDIRLPSGKNQNNFLVHSGLEALTCDFNKYRPYVVATGG
VDNAIRIWDIRMLNKNESATIKRTVPGQLHNSSCINEIPNAHGLAIRKVTWSPHHSNILM
SASYDMTCRIWRDLSNDGAKETYKTNSTDATKGSIFNFTQHSEFVFGADWSLWGKPGYVA
STAWDGNLFVWNGLG"
complex portal_CPX-1906,559292,Saccharomyces cerevisiae,2,yes,,P39108,PEX7,375,">P39108|PEX7
MLRYHMQGFSGYGVQYSPFFDNRLAVAAGSNFGLVGNGKLFILEIDRSGRIVEVNSFLTQ
DCLFDLAWNESHENQVLVAQGDGTLRLFDTTFKEFPIAIFKEHEREVFSCNWNLVNRQNF
LSSSWDGSIKIWSPLRKQSLMTLTPRPLEITKMVDPLNAIILKKKSFTGISKNRNCVYQA
QFSPHDQNLVLSCSGNSYASLFDIRLPSGKNQNNFLVHSGLEALTCDFNKYRPYVVATGG
VDNAIRIWDIRMLNKNESATIKRTVPGQLHNSSCINEIPNAHGLAIRKVTWSPHHSNILM
SASYDMTCRIWRDLSNDGAKETYKTNSTDATKGSIFNFTQHSEFVFGADWSLWGKPGYVA
STAWDGNLFVWNGLG",P50091,PEX21,288,">P50091|PEX21
MPSVCHTSPIEKIIQQGHRIQNDSLIPSKRTKLAHTELTAHYATEDSHVEKHFLHNGSNF
DGIDNVRYQNQPSPLTFITPNNTVDSSDWVPQFSSMKIDDSLEFSSEYKRLYSNYESQQR
LNSSRQHLPFKNCMIRKTSCTYPPQKTLRQQRQGNRDNPTDAFQFDAEFQVLEREIQKER
YEPITRRDEKWFDQDQSELQRIATDIVKCCTPPPSSASSSSTLSSSVESKLSESKFIQLM
RNISSGDVTLKKNADGNSASELFSSNNGELVGNRHIFVKDEIHKDILD"
complex portal_CPX-1848,559292,Saccharomyces cerevisiae,2,yes,,P38316,ATG12,186,">P38316|ATG12
MSRILESENETESDESSIISTNNGTAMERSRNNQELRSSPHTVQNRLELFSRRLSQLGLA
SDISVDQQVEDSSSGTYEQEETIKTNAQTSKQKSHKDEKNIQKIQIKFQPIGSIGQLKPS
VCKISMSQSFAMVILFLKRRLKMDHVYCYINNSFAPSPQQNIGELWMQFKTNDELIVSYC
ASVAFG",Q12380,ATG5,294,">Q12380|ATG5
MNDIKQLLWNGELNVLVSIDPSFLMKGSPREIAVLRIRVPRETYLVNYMPLIWNKIKSFL
SFDPLTDSEKYFWFEHNKTPIPWNYPVGVLFDCLAGKSATFTTSFENQVKDVLTFLRIHL
VMGDSLPPTIIPIASSKTQAEKFWFHQWKQVCFILNGSSKAIMSLSVNEARKFWGSVITR
NFQDFIEISNKISSSRPRHIPLIIQTSRTSGTFRISQPTISMTGVNPTLKDIEGDILDVK
EGINGNDVMVICQGIEIPWHMLLYDLYSKLRSFDGFLYITLVPIKGGDKASSEL"
complex portal_CPX-778,559292,Saccharomyces cerevisiae,2,yes,,P53738,TRM112,135,">P53738|TRM112
MKFLTTNFLKCSVKACDTSNDNFPLQYDGSKCQLVQDESIEFNPEFLLNIVDRVDWPAVL
TVAAELGNNALPPTKPSFPSSIQELTDDDMAILNDLHTLLLQTSIAEGEMKCRNCGHIYY
IKNGIPNLLLPPHLV",Q12463,TRM11,433,">Q12463|TRM11
MKKYLLYMVQVHLNFRRAELESLADLYNLSIDFSQYDANSPFFIVELENDQQAKDWIKRS
ILTRGIYEYWGQGTTLDELHKDIQRQSNFEQDLQLKFKHSTFKFEFECYKGNSKAKRVEQ
IETFRYLGFEGKIDMKHPQEVFTVIEEYTPISENVGGKTPTRIYFGRQVQMSNRSAMEKY
DLKKRPYKGTTSFEAELSLVSANIAQVKPGTIMYDPFAGTGSFLVAGGHFGSLVIGSDID
GRMIRGKGAQVNISANFKKYGESSQFLDVLTMDFTNNALRNNLVIDTILCDPPYGIRESI
KVLGAKDPERFLGKEDMEIDGEKAYLRRDYIPTKKPYALDSLLDDLLQYSSERLPIGGRL
AFWMPTANDANIETIVPMHENLELKYNCVQEFNKWSRRLLVYINRGSTFNGSSNHGIKRS
KDNFRERYFNNFN"
complex portal_CPX-828,559292,Saccharomyces cerevisiae,2,yes,,P32607,RTG1,177,">P32607|RTG1
MSSIPAGTDPGSCGANFKNDRKRRDKINDRIQELLSIIPKDFFRDYYGNSGSNDTLSEST
PGALGLSSKAKGTGTKDGKPNKGQILTQAVEYISHLQNQVDTQNREEVELMVKATQLAKQ
TGTIVNDINLENTSAEVALSRIGVGPLAATNDDSVRPPAKRLSSFEYGGYGEYGNGS",P38165,RTG3,486,">P38165|RTG3
MMNNNESEAENQRLLDELMNQTKVLQETLDFSLVTPTPHHNDDYKIHGSAYPGGETPAQQ
HEKLSYINTHNSNDNNNLMGSQARSNSQTPTASTIYEEAESQSSYLDDMFRTSQGGRPVT
QNSISSIGQGPLRSSYSMAYDSPVDRAMNTPLQQQEGLKAELPHDFLFQHGTDDTMYNLT
DDLSSSLSSSINSDMMTPNTYSSSFSYNPQSLGPASVSSTYSPKVRSPSSSFRAGSFLSS
SFRHGSINTPRTRHTSISSNMTENIGPGSVPKILGGLTSDEKLRRKREFHNAVERRRREL
IKQKIKELGQLVPPSLLNYDDLGKQIKPNKGIILDRTVEYLQYLAEILEIQARKKKALLA
KIKELEEKKSSVAALSPFTNNHHASSGQNNSENSEERIIDIRSVPNALMNEQNSKAELHN
WEPPLYDSVGNHNHAGTMESHPHTNIHEELKEFLSGDLIEAEDNAKLMFGDDNSNPADYL
LEFGSG"
complex portal_CPX-1630,559292,Saccharomyces cerevisiae,2,yes,,P10507,MAS1,462,">P10507|MAS1
MFSRTASKFRNTRRLLSTISSQIPGTRTSKLPNGLTIATEYIPNTSSATVGIFVDAGSRA
ENVKNNGTAHFLEHLAFKGTQNRSQQGIELEIENIGSHLNAYTSRENTVYYAKSLQEDIP
KAVDILSDILTKSVLDNSAIERERDVIIRESEEVDKMYDEVVFDHLHEITYKDQPLGRTI
LGPIKNIKSITRTDLKDYITKNYKGDRMVLAGAGAVDHEKLVQYAQKYFGHVPKSESPVP
LGSPRGPLPVFCRGERFIKENTLPTTHIAIALEGVSWSAPDYFVALATQAIVGNWDRAIG
TGTNSPSPLAVAASQNGSLANSYMSFSTSYADSGLWGMYIVTDSNEHNVQLIVNEILKEW
KRIKSGKISDAEVNRAKAQLKAALLLSLDGSTAIVEDIGRQVVTTGKRLSPEEVFEQVDK
ITKDDIIMWANYRLQNKPVSMVALGNTSTVPNVSYIEEKLNQ",P11914,MAS2,482,">P11914|MAS2
MLRNGVQRLYSNIARTDNFKLSSLANGLKVATSNTPGHFSALGLYIDAGSRFEGRNLKGC
THILDRLAFKSTEHVEGRAMAETLELLGGNYQCTSSRENLMYQASVFNQDVGKMLQLMSE
TVRFPKITEQELQEQKLSAEYEIDEVWMKPELVLPELLHTAAYSGETLGSPLICPRELIP
SISKYYLLDYRNKFYTPENTVAAFVGVPHEKALELTEKYLGDWQSTHPPITKKVAQYTGG
ESCIPPAPVFGNLPELFHIQIGFEGLPIDHPDIYALATLQTLLGGGGSFSAGGPGKGMYS
RLYTHVLNQYYFVENCVAFNHSYSDSGIFGISLSCIPQAAPQAVEVIAQQMYNTFANKDL
RLTEDEVSRAKNQLKSSLLMNLESKLVELEDMGRQVLMHGRKIPVNEMISKIEDLKPDDI
SRVAEMIFTGNVNNAGNGKGRATVVMQGDRGSFGDVENVLKAYGLGNSSSSKNDSPKKKG
WF"
complex portal_CPX-1632,559292,Saccharomyces cerevisiae,2,yes,,Q03774,TRM82,444,">Q03774|TRM82
MSVIHPLQNLLTSRDGSLVFAIIKNCILSFKYQSPNHWEFAGKWSDDFDKIQESRNTTAK
EQQGQSSENENENKKLKSNKGDSIKRTAAKVPSPGLGAPPIYSYIRNLRLTSDESRLIAC
ADSDKSLLVFDVDKTSKNVLKLRKRFCFSKRPNAISIAEDDTTVIIADKFGDVYSIDINS
IPEEKFTQEPILGHVSMLTDVHLIKDSDGHQFIITSDRDEHIKISHYPQCFIVDKWLFGH
KHFVSSICCGKDYLLLSAGGDDKIFAWDWKTGKNLSTFDYNSLIKPYLNDQHLAPPRFQN
ENNDIIEFAVSKIIKSKNLPFVAFFVEATKCIIILEMSEKQKGDLALKQIITFPYNVISL
SAHNDEFQVTLDNKESSGVQKNFAKFIEYNLNENSFVVNNEKSNEFDSAIIQSVQGDSNL
VTKKEEIYPLYNVSSLRKHGEHYS",Q12009,TRM8,286,">Q12009|TRM8
MKAKPLSQDPGSKRYAYRINKEENRKELKHVKINESSLVQEGQKIDLPKKRYYRQRAHSN
PFSDHQLEYPVSPQDMDWSKLYPYYKNAENGQMTKKVTIADIGCGFGGLMIDLSPAFPED
LILGMEIRVQVTNYVEDRIIALRNNTASKHGFQNINVLRGNAMKFLPNFFEKGQLSKMFF
CFPDPHFKQRKHKARIITNTLLSEYAYVLKEGGVVYTITDVKDLHEWMVKHLEEHPLFER
LSKEWEENDECVKIMRNATEEGKKVERKKGDKFVACFTRLPTPAIL"
complex portal_CPX-1633,559292,Saccharomyces cerevisiae,2,yes,,P32773,TOA1,286,">P32773|TOA1
MSNAEASRVYEIIVESVVNEVREDFENAGIDEQTLQDLKNIWQKKLTETKVTTFSWDNQF
NEGNINGVQNDLNFNLATPGVNSSEFNIKEENTGNEGLILPNINSNNNIPHSGETNINTN
TVEATNNSGATLNTNTSGNTNADVTSQPKIEVKPEIELTINNANITTVENIDDESEKKDD
EEKEEDVEKTRKEKEQIEQVKLQAKKEKRSALLDTDEVGSELDDSDDDYLISEGEEDGPD
ENLMLCLYDKVTRTKARWKCSLKDGVVTINRNDYTFQKAQVEAEWV",P32774,TOA2,122,">P32774|TOA2
MAVPGYYELYRRSTIGNSLVDALDTLISDGRIEASLAMRVLETFDKVVAETLKDNTQSKL
TVKGNLDTYGFCDDVWTFIVKNCQVTVEDSHRDASQNGSGDSQSVISVDKLRIVACNSKK
SE"
complex portal_CPX-1634,559292,Saccharomyces cerevisiae,2,yes,,P22007,RAM1,431,">P22007|RAM1
MRQRVGRSIARAKFINTALLGRKRPVMERVVDIAHVDSSKAIQPLMKELETDTTEARYKV
LQSVLEIYDDEKNIEPALTKEFHKMYLDVAFEISLPPQMTALDASQPWMLYWIANSLKVM
DRDWLSDDTKRKIVDKLFTISPSGGPFGGGPGQLSHLASTYAAINALSLCDNIDGCWDRI
DRKGIYQWLISLKEPNGGFKTCLEVGEVDTRGIYCALSIATLLNILTEELTEGVLNYLKN
CQNYEGGFGSCPHVDEAHGGYTFCATASLAILRSMDQINVEKLLEWSSARQLQEERGFCG
RSNKLVDGCYSFWVGGSAAILEAFGYGQCFNKHALRDYILYCCQEKEQPGLRDKPGAHSD
FYHTNYCLLGLAVAESSYSCTPNDSPHNIKCTPDRLIGSSKLTDVNPVYGLPIENVRKII
HYFKSNLSSPS",P29703,RAM2,316,">P29703|RAM2
MEEYDYSDVKPLPIETDLQDELCRIMYTEDYKRLMGLARALISLNELSPRALQLTAEIID
VAPAFYTIWNYRFNIVRHMMSESEDTVLYLNKELDWLDEVTLNNPKNYQIWSYRQSLLKL
HPSPSFKRELPILKLMIDDDSKNYHVWSYRKWCCLFFSDFQHELAYASDLIETDIYNNSA
WTHRMFYWVNAKDVISKVELADELQFIMDKIQLVPQNISPWTYLRGFQELFHDRLQWDSK
VVDFATTFIGDVLSLPIGSPEDLPEIESSYALEFLAYHWGADPCTRDNAVKAYSLLAIKY
DPIRKNLWHHKINNLN"
complex portal_CPX-1635,559292,Saccharomyces cerevisiae,2,yes,,P18898,CDC43,376,">P18898|CDC43
MCQATNGPSRVVTKKHRKFFERHLQLLPSSHQGHDVNRMAIIFYSISGLSIFDVNVSAKY
GDHLGWMRKHYIKTVLDDTENTVISGFVGSLVMNIPHATTINLPNTLFALLSMIMLRDYE
YFETILDKRSLARFVSKCQRPDRGSFVSCLDYKTNCGSSVDSDDLRFCYIAVAILYICGC
RSKEDFDEYIDTEKLLGYIMSQQCYNGAFGAHNEPHSGYTSCALSTLALLSSLEKLSDKF
KEDTITWLLHRQVSSHGCMKFESELNASYDQSDDGGFQGRENKFADTCYAFWCLNSLHLL
TKDWKMLCQTELVTNYLLDRTQKTLTGGFSKNDEEDADLYHSCLGSAALALIEGKFNGEL
CIPQEIFNDFSKRCCF",P29703,RAM2,316,">P29703|RAM2
MEEYDYSDVKPLPIETDLQDELCRIMYTEDYKRLMGLARALISLNELSPRALQLTAEIID
VAPAFYTIWNYRFNIVRHMMSESEDTVLYLNKELDWLDEVTLNNPKNYQIWSYRQSLLKL
HPSPSFKRELPILKLMIDDDSKNYHVWSYRKWCCLFFSDFQHELAYASDLIETDIYNNSA
WTHRMFYWVNAKDVISKVELADELQFIMDKIQLVPQNISPWTYLRGFQELFHDRLQWDSK
VVDFATTFIGDVLSLPIGSPEDLPEIESSYALEFLAYHWGADPCTRDNAVKAYSLLAIKY
DPIRKNLWHHKINNLN"
complex portal_CPX-1637,559292,Saccharomyces cerevisiae,2,yes,,P13517,CAP2,287,">P13517|CAP2
MSDAQFDAALDLLRRLNPTTLQENLNNLIELQPNLAQDLLSSVDVPLSTQKDSADSNREY
LCCDYNRDIDSFRSPWSNTYYPELSPKDLQDSPFPSAPLRKLEILANDSFDVYRDLYYEG
GISSVYLWDLNEEDFNGHDFAGVVLFKKNQSDHSNWDSIHVFEVTTSPSSPDSFNYRVTT
TIILHLDKTKTDQNSHMMLSGNLTRQTEKDIAIDMSRPLDVIFTSHVANLGSLIEDIESQ
MRNLLETVYFEKTRDIFHQTKNAAIASSAEEANKDAQAEVIRGLQSL",P28495,CAP1,268,">P28495|CAP1
MSSSKFEEVINKIINDSPPGELREVYDDLIKITSENSKNTILDAIENYNVQNCIPIEVNG
NSVIISKYNKEGAKFFDPVNSVIFSVNHLERKGLDIEPYEFTHAKIEKGQLKELHDKLHE
YLLQSFPGDVSFAVYPVPEEISKISIIIVSTKYNPNNFWNGHWRSSYIYDLETRELSGQI
STQVHYYEDGNVSFQSGKDINQSNVDDVVCTIRDIETNFENDLDLSFFDLNEKQFKALRR
RLPVTRSKINWGSAIGSYRLGKNAAEGK"
complex portal_CPX-1643,559292,Saccharomyces cerevisiae,2,yes,,P38242,ALG14,237,">P38242|ALG14
MKTAYLASLVLIVSTAYVIRLIAILPFFHTQAGTEKDTKDGVNLLKIRKSSKKPLKIFVF
LGSGGHTGEMIRLLENYQDLLLGKSIVYLGYSDEASRQRFAHFIKKFGHCKVKYYEFMKA
REVKATLLQSVKTIIGTLVQSFVHVVRIRFAMCGSPHLFLLNGPGTCCIISFWLKIMELL
LPLLGSSHIVYVESLARINTPSLTGKILYWVVDEFIVQWQELRDNYLPRSKWFGILV",P53178,ALG13,202,">P53178|ALG13
MGIIEEKALFVTCGATVPFPKLVSCVLSDEFCQELIQYGFVRLIIQFGRNYSSEFEHLVQ
ERGGQRESQKIPIDQFGCGDTARQYVLMNGKLKVIGFDFSTKMQSIIRDYSDLVISHAGT
GSILDSLRLNKPLIVCVNDSLMDNHQQQIADKFVELGYVWSCAPTETGLIAGLRASQTEK
LKPFPVSHNPSFERLLVETIYS"
complex portal_CPX-1644,559292,Saccharomyces cerevisiae,2,yes,,P53102,MND1,219,">P53102|MND1
MGPKRQTVSLQEKKNRILNFFQETYTFYNIKELEKSIPKKCGISPMIVKDLVQQMIDEDG
VISVEKCGNINIYWCFKNQTLQKLYDSSELIKKKIQEVKCDIATYKQELDKTLATGRRKK
FTVGQKSYNREALLEKRKKIQDEIKKKSNSLQKIESIRWDAAKIQENKQQIRLKKVHLEK
TTDNIEILIDYLYKKFFLKPEQIRKEFGIPEEFKEFTEV",P53187,HOP2,214,">P53187|HOP2
MAPKKKSNDRAIQAKGSEAEQLIEDYLVSQYKPFSVNDIVQNLHNKVTKTTATKALENLV
NEKRIVSKTFGKIIIYSCNEQDTALPSNIDPSQFDFETVLQLRNDLIELERDKSTAKDAL
DSVTKEPENEDLLTIIENEENELKKIESKLQSLQDDWDPANDEIVKRIMSEDTLLQKEIT
KRSKICKNLIATIKDSVCPKNMNEFLEEIGFEDI"
complex portal_CPX-1645,559292,Saccharomyces cerevisiae,2,yes,,P18851,STE4,423,">P18851|STE4
MAAHQMDSITYSNNVTQQYIQPQSLQDISAVEDEIQNKIEAARQESKQLHAQINKAKHKI
QDASLFQMANKVTSLTKNKINLKPNIVLKGHNNKISDFRWSRDSKRILSASQDGFMLIWD
SASGLKQNAIPLDSQWVLSCAISPSSTLVASAGLNNNCTIYRVSKENRVAQNVASIFKGH
TCYISDIEFTDNAHILTASGDMTCALWDIPKAKRVREYSDHLGDVLALAIPEEPNSENSS
NTFASCGSDGYTYIWDSRSPSAVQSFYVNDSDINALRFFKDGMSIVAGSDNGAINMYDLR
SDCSIATFSLFRGYEERTPTPTYMAANMEYNTAQSPQTLKSTSSSYLDNQGVVSLDFSAS
GRLMYSCYTDIGCVVWDVLKGEIVGKLEGHGGRVTGVRSSPDGLAVCTGSWDSTMKIWSP
GYQ",P18852,STE18,110,">P18852|STE18
MTSVQNSPRLQQPQEQQQQQQQLSLKIKQLKLKRINELNNKLRKELSRERITASNACLTI
INYTSNTKDYTLPELWGYPVAGSNHFIEGLKNAQKNSQMSNSNSVCCTLM"
complex portal_CPX-3139,559292,Saccharomyces cerevisiae,2,yes,,P25301,RAD57,460,">P25301|RAD57
MPRALSIKFDNTYMDLYDELPESKLLYDEEFSYLLDAVRQNGVCVVDFLTLTPKELARLI
QRSINEVFRFQQLLVHEYNEKYLEICEKNSISPDNGPECFTTADVAMDELLGGGIFTHGI
TEIFGESSTGKSQLLMQLALSVQLSEPAGGLGGKCVYITTEGDLPTQRLESMLSSRPAYE
KLGITQSNIFTVSCNDLINQEHIINVQLPILLERSKGSIKLVIIDSISHHLRVELQNKSF
RESQENKNYLDRMAEKLQILAHDYSLSVVVANQVGDKPLANSPVAHRTYVTDYDYQLGWL
VGWKNSTILYRQMNSLLGASSNNDEILSDDEDYMLIERVMSTVNDRNYDFFSKKKPPIIE
NKTVERNSSSPISRQSKKRKFDYRVPNLGLTWSNHVSTRILLQKSFKASTIIQRGEAHLY
KGGDSASFWQVKRTMKVVYSTFAKPGQIAYQITKRGIETA",P38953,RAD55,406,">P38953|RAD55
MSLGIPLSQLIVESPKPLSSGITGLDEILNLGFQARSIYEIFGPPGIGKTNFGIQLVCNS
LEGIQQSEINDDKILWIETFQEMPINILRERFQKFKIVEENVKRVRITKFGQLLYFFQNL
FKLSQSVRYKLVIIDGFSQLVCDHLCTLSKRGGGMIDKTIHELKCRHLILIFTVMTKYTH
STGSTIIVLNDCMNTAFQSNEFESLEEYYEILDDGSNFFVNSNNERRKNNVHILKSALVA
NIAMGSKDSTWEVFLRDRIGLFRDWNEQVDETVFVKSKRVKASSSQSNEGCTTIKEMRIN
KRNFENLRIAIVFNLHGEDRKREGRNLKRSRSSDDRNYIVKFDFDKATGQLRDIIDLKPD
TANIASFPTLSTSSSSCSQVFNNIDSNDNPLPNAEGKEEIIYDSEG"
complex portal_CPX-162,559292,Saccharomyces cerevisiae,2,yes,,P35196,RER2,286,">P35196|RER2
METDSGIPGHSFVLKWTKNIFSRTLRASNCVPRHVGFIMDGNRRFARKKEMDVKEGHEAG
FVSMSRILELCYEAGVDTATVFAFSIENFKRSSREVESLMTLARERIRQITERGELACKY
GVRIKIIGDLSLLDKSLLEDVRVAVETTKNNKRATLNICFPYTGREEILHAMKETIVQHK
KGAAIDESTLESHLYTAGVPPLDLLIRTSGVSRLSDFLIWQASSKGVRIELLDCLWPEFG
PIRMAWILLKFSFHKSFLNKEYRLEEGDYDEETNGDPIDLKEKKLN",Q12063,NUS1,375,">Q12063|NUS1
MPTMIKKDDKAMEPPNEKPHRKIERDDVPESSNHIPPPESGVLKGGKVNSKTRALKAVTS
IIADADENPQKKVNNETNGVQKQKTEDLSKRIGKFEYLFYKFLLVLLYICFGLFRYGQYQ
YNKMKLRIFSIIYNHAYTPQLIRQDVIPLKKIPKRLAAILEVKPVGDVGGGVTGLLNDAS
EIVCWTVSAGIKHLMLYDYDGILQRNVPELRMEIHSNLAKYFGPAHVPNYAVKIPHSNKI
FYNLDGIETETDVGNEIEANQEKDKIAIEISLLSNRDGRETIVDLTKTMAELCAVNELSV
SDITMDLVDSELKQLVGPEPDLLLYFGPSLDLQGFPPWHIRLTEFYWEKDNNEVIYSVFI
RGLRQYAGCKVNVGK"
complex portal_CPX-166,559292,Saccharomyces cerevisiae,2,yes,,Q03175,SRT1,343,">Q03175|SRT1
MKMPSIIQIQFVALKRLLVETKEQMCFAVKSIFQRVFAWVMSLSLFSWFYVNLQNILIKA
LRVGPVPEHVSFIMDGNRRYAKSRRLPVKKGHEAGGLTLLTLLYICKRLGVKCVSAYAFS
IENFNRPKEEVDTLMNLFTVKLDEFAKRAKDYKDPLYGSKIRIVGDQSLLSPEMRKKIKK
VEEITQDGDDFTLFICFPYTSRNDMLHTIRDSVEDHLENKSPRINIRKFTNKMYMGFHSN
KCELLIRTSGHRRLSDYMLWQVHENATIEFSDTLWPNFSFFAMYLMILKWSFFSTIQKYN
EKNHSLFEKIHESVPSIFKKKKTAMSLYNFPNPPISVSVTGDE",Q12063,NUS1,375,">Q12063|NUS1
MPTMIKKDDKAMEPPNEKPHRKIERDDVPESSNHIPPPESGVLKGGKVNSKTRALKAVTS
IIADADENPQKKVNNETNGVQKQKTEDLSKRIGKFEYLFYKFLLVLLYICFGLFRYGQYQ
YNKMKLRIFSIIYNHAYTPQLIRQDVIPLKKIPKRLAAILEVKPVGDVGGGVTGLLNDAS
EIVCWTVSAGIKHLMLYDYDGILQRNVPELRMEIHSNLAKYFGPAHVPNYAVKIPHSNKI
FYNLDGIETETDVGNEIEANQEKDKIAIEISLLSNRDGRETIVDLTKTMAELCAVNELSV
SDITMDLVDSELKQLVGPEPDLLLYFGPSLDLQGFPPWHIRLTEFYWEKDNNEVIYSVFI
RGLRQYAGCKVNVGK"
complex portal_CPX-384,559292,Saccharomyces cerevisiae,2,yes,,P07253,CBP6,162,">P07253|CBP6
MSSSQVVRDSAKKLVNLLEKYPKDRIHHLVSFRDVQIARFRRVAGLPNVDDKGKSIKEKK
PSLDEIKSIINRTSGPLGLNKEMLTKIQNKMVDEKFTEESINEQIRALSTIMNNKFRNYY
DIGDKLYKPAGNPQYYQRLINAVDGKKKESLFTAMRTVLFGK",P21560,CBP3,335,">P21560|CBP3
MMSVNRFTSGRLPVFLRKSPFYYSRAYLHQTCVFKQNKETAQDSPELLAKSSHLNSKPLD
VSNKAPVKTAQNKIPLAHSKYESSKYELPKWKEALGELVIRAFHLDMDRVRAGPVAGSYY
YKICKEQGLQYEDEPLSETAKYFYEDLKLPRTFSQWFQITVLHEWILFVRMRAMPFKYGR
NYQQKLVDRTFSDIELRLFEEMKVNSGRIADQYLKDFNTQLRGAIFAYDEGFATDDGTLA
TAVWRNLFGGRKNIDMVHLESVVRYIYSQLYVLSRLSDREFATGKFKFVPPGVKVEKLTP
KQEEELKAKTIAKYEALDKDPKTLPSERSRLSYTN"
complex portal_CPX-418,559292,Saccharomyces cerevisiae,2,yes,,P53738,TRM112,135,">P53738|TRM112
MKFLTTNFLKCSVKACDTSNDNFPLQYDGSKCQLVQDESIEFNPEFLLNIVDRVDWPAVL
TVAAELGNNALPPTKPSFPSSIQELTDDDMAILNDLHTLLLQTSIAEGEMKCRNCGHIYY
IKNGIPNLLLPPHLV",Q03920,MTQ2,221,">Q03920|MTQ2
MLPTPYVKCDYDKVYEPAEDSFLILDCLEKEHDFLKQKFGNRLAIVCEIGSGSGIVTTFL
MQNKIIPQENSIHLAVDINPWALEATLDTAKLNSCKSSFLEVIQADLNSSIRNNQVDVLI
FNPPYVPAECVPDVPGSREEADQWLDLALLGGKDGMAITDKLLRQLEQILSPDGVAYILF
CARNKPKEVIKRFVDTYKWNVKLIETRKAGWEVLSVYSFTR"
complex portal_CPX-1045,559292,Saccharomyces cerevisiae,2,yes,,P39727,ERV46,415,">P39727|ERV46
MKRSTLLSLDAFAKTEEDVRVRTRAGGLITLSCILTTLFLLVNEWGQFNSVVTRPQLVVD
RDRHAKLELNMDVTFPSMPCDLVNLDIMDDSGEMQLDILDAGFTMSRLNSEGRPVGDATE
LHVGGNGDGTAPVNNDPNYCGPCYGAKDQSQNENLAQEEKVCCQDCDAVRSAYLEAGWAF
FDGKNIEQCEREGYVSKINEHLNEGCRIKGSAQINRIQGNLHFAPGKPYQNAYGHFHDTS
LYDKTSNLNFNHIINHLSFGKPIQSHSKLLGNDKRHGGAVVATSPLDGRQVFPDRNTHFH
QFSYFAKIVPTRYEYLDNVVIETAQFSATFHSRPLAGGRDKDHPNTLHVRGGIPGMFVFF
EMSPLKVINKEQHGQTWSGFILNCITSIGGVLAVGTVMDKLFYKAQRSIWGKKSQ",Q04651,ERV41,352,">Q04651|ERV41
MAGLKTFDAFPKTEEQYKKKSTKGGLTSLLTYLFLLFIAWTEFGEYFGGYIDQQYVVDSQ
VRDTVQINMDIYVNTKCDWLQINVRDQTMDRKLVLEELQLEEMPFFIPYDTKVNDINEII
TPELDEILGEAIPAEFREKLDTRSFFDESDPNKAHLPEFNGCHVFGSIPVNRVSGELQIT
AKSLGYVASRKAPLEELKFNHVINEFSFGDFYPYIDNPLDNTAQFNQDEPLTTYVYYTSV
VPTLFKKLGAEVDTNQYSVNDYRYLYKDVAAKGDKMPGIFFKYNFEPLSIVVSDVRLSFI
QFLVRLVAICSFLVYCASWIFTLLDMALITIMGPKWSLRYQPDDKTKGILDR"
complex portal_CPX-1047,559292,Saccharomyces cerevisiae,2,yes,,P25627,BUD23,275,">P25627|BUD23
MSRPEELAPPEIFYNDSEAHKYTGSTRVQHIQAKMTLRALELLNLQPCSFILDIGCGSGL
SGEILTQEGDHVWCGLDISPSMLATGLSRELEGDLMLQDMGTGIPFRAGSFDAAISISAI
QWLCNADTSYNDPKQRLMRFFNTLYAALKKGGKFVAQFYPKNDDQVDDILQSAKVAGFSG
GLVVDDPESKKNKKYYLVLSSGAPPQGEEQVNLDGVTMDEENVNLKKQLRQRLKGGKDKE
SAKSFILRKKELMKRRGRKVAKDSKFTGRKRRHRF",P53738,TRM112,135,">P53738|TRM112
MKFLTTNFLKCSVKACDTSNDNFPLQYDGSKCQLVQDESIEFNPEFLLNIVDRVDWPAVL
TVAAELGNNALPPTKPSFPSSIQELTDDDMAILNDLHTLLLQTSIAEGEMKCRNCGHIYY
IKNGIPNLLLPPHLV"
complex portal_CPX-1052,559292,Saccharomyces cerevisiae,2,yes,,P49957,TRM9,279,">P49957|TRM9
MEINQAAEKEQEYVHKVYNEIAPHFSQTRYKPWPIVTQFLKTRPMGSIGIDVGCGNGKYL
GVNPDIYIIGSDRSDGLIECARGINPSYNLLVADGLNLPHKNETFDFAISIAVVHHWSTR
ERRVEVIRHVLSKLRQGGQALIYCWALEQGSSRRGYHEGMEQDVFVPWVLPKSKSKPKTK
STPPAKVKTRPKPNLMNIPPKERSEYLQRWKEEQQRSKSLDDNDEKQQQDQEQEREEVKY
RYYHLYREGELAEDCRQAGAAVHSEGFERDNWWVVAQKR",P53738,TRM112,135,">P53738|TRM112
MKFLTTNFLKCSVKACDTSNDNFPLQYDGSKCQLVQDESIEFNPEFLLNIVDRVDWPAVL
TVAAELGNNALPPTKPSFPSSIQELTDDDMAILNDLHTLLLQTSIAEGEMKCRNCGHIYY
IKNGIPNLLLPPHLV"
complex portal_CPX-302,559292,Saccharomyces cerevisiae,2,yes,,P38857,MPC2,129,">P38857|MPC2
MSTSSVRFAFRRFWQSETGPKTVHFWAPTLKWGLVFAGFSDMKRPVEKISGAQNLSLLST
ALIWTRWSFVIKPRNILLASVNSFLCLTAGYQLGRIANYRIRNGDSISQLCSYILSGADE
SKKEITTGR",P53157,MPC1,130,">P53157|MPC1
MSQPVQRAAARSFLQKYINKETLKYIFTTHFWGPVSNFGIPIAAIYDLKKDPTLISGPMT
FALVTYSGVFMKYALSVSPKNYLLFGCHLINETAQLAQGYRFLKYTYFTTDEEKKALDKE
WKEKEKTGKQ"
complex portal_CPX-303,559292,Saccharomyces cerevisiae,2,yes,,P53157,MPC1,130,">P53157|MPC1
MSQPVQRAAARSFLQKYINKETLKYIFTTHFWGPVSNFGIPIAAIYDLKKDPTLISGPMT
FALVTYSGVFMKYALSVSPKNYLLFGCHLINETAQLAQGYRFLKYTYFTTDEEKKALDKE
WKEKEKTGKQ",P53311,MPC3,146,">P53311|MPC3
MSASAFNFAFRRFWNSETGPKTVHFWAPTLKWGLVFAGLNDIKRPVEKVSGAQNLSLLAT
ALIWTRWSFVIKPKNYLLASVNFFLGCTAGYHLTRIANFRIRNGDSFKQVIHYIIKGETP
AAVAAKQTASTSMNKGVIGTNPPITH"
complex portal_CPX-335,559292,Saccharomyces cerevisiae,2,yes,,P00546,CDC28,298,">P00546|CDC28
MSGELANYKRLEKVGEGTYGVVYKALDLRPGQGQRVVALKKIRLESEDEGVPSTAIREIS
LLKELKDDNIVRLYDIVHSDAHKLYLVFEFLDLDLKRYMEGIPKDQPLGADIVKKFMMQL
CKGIAYCHSHRILHRDLKPQNLLINKDGNLKLGDFGLARAFGVPLRAYTHEIVTLWYRAP
EVLLGGKQYSTGVDTWSIGCIFAEMCNRKPIFSGDSEIDQIFKIFRVLGTPNEAIWPDIV
YLPDFKPSFPQWRRKDLSQVVPSLDPRGIDLLDKLLAYDPINRISARRAAIHPYFQES",P24868,CLB1,471,">P24868|CLB1
MSRSLLVENSRTINSNEEKGVNESQYILQKRNVPRTILGNVTNNANILQEISMNRKIGMK
NFSKLNNFFPLKDDVSRADDFTSSFNDSRQGVKQEVLNNKENIPEYGYSEQEKQQCSNDD
SFHTNSTALSCNRLIYSENKSISTQMEWQKKIMREDSKKKRPISTLVEQDDQKKFKLHEL
TTEEEVLEEYEWDDLDEEDCDDPLMVSEEVNDIFDYLHHLEIITLPNKANLYKHKNIKQN
RDILVNWIIKIHNKFGLLPETLYLAINIMDRFLCEEVVQLNRLQLVGTSCLFIASKYEEI
YSPSIKHFAYETDGACSVEDIKEGERFILEKLDFQISFANPMNFLRRISKADDYDIQSRT
LAKFLMEISIVDFKFIGILPSLCASAAMFLSRKMLGKGTWDGNLIHYSGGYTKAKLYPVC
QLLMDYLVGSTIHDEFLKKYQSRRFLKASIISIEWALKVRKNGYDIMTLHE"
complex portal_CPX-336,559292,Saccharomyces cerevisiae,2,yes,,P00546,CDC28,298,">P00546|CDC28
MSGELANYKRLEKVGEGTYGVVYKALDLRPGQGQRVVALKKIRLESEDEGVPSTAIREIS
LLKELKDDNIVRLYDIVHSDAHKLYLVFEFLDLDLKRYMEGIPKDQPLGADIVKKFMMQL
CKGIAYCHSHRILHRDLKPQNLLINKDGNLKLGDFGLARAFGVPLRAYTHEIVTLWYRAP
EVLLGGKQYSTGVDTWSIGCIFAEMCNRKPIFSGDSEIDQIFKIFRVLGTPNEAIWPDIV
YLPDFKPSFPQWRRKDLSQVVPSLDPRGIDLLDKLLAYDPINRISARRAAIHPYFQES",P24870,CLB3,427,">P24870|CLB3
MHHNSQSLSSGHIRSPEDENVAPIGNLKHRTGSLSHISSAHPRVALSDVTNIVATNSSNN
SISKPKVAPIKERLDSAAIIEEERLDANSVAQRKEADHNDLLTDREQEEPVEDDGESEED
EEEDQEPLLLQHYASDTLVWEHAFRTYYRTTLDPNDDDVYDVVMVAELSNEIFEYMRKLE
DLYKPNPYYMDKQPELRWSFRSTLIDWIVQVHEKFQLLPETLYLCINIIDRYLCKEVVPV
NKFQLVGAASLFIAAKYEEINCPTIKDFVYMSENCYSRNDLLDAERTILNGLEFELGWPG
PMSFLRRISKADDYEHDTRTLAKYLLESTIMDHRLVSAQPSWLAAGAYFLSKIILGQNQW
SLAHVYYSNYTQEQILPLATIILENCRYASKRHNAIWRKYSSRRYLHSSQIVAKWIALAE
HRVERSN"
complex portal_CPX-337,559292,Saccharomyces cerevisiae,2,yes,,P00546,CDC28,298,">P00546|CDC28
MSGELANYKRLEKVGEGTYGVVYKALDLRPGQGQRVVALKKIRLESEDEGVPSTAIREIS
LLKELKDDNIVRLYDIVHSDAHKLYLVFEFLDLDLKRYMEGIPKDQPLGADIVKKFMMQL
CKGIAYCHSHRILHRDLKPQNLLINKDGNLKLGDFGLARAFGVPLRAYTHEIVTLWYRAP
EVLLGGKQYSTGVDTWSIGCIFAEMCNRKPIFSGDSEIDQIFKIFRVLGTPNEAIWPDIV
YLPDFKPSFPQWRRKDLSQVVPSLDPRGIDLLDKLLAYDPINRISARRAAIHPYFQES",P24871,CLB4,460,">P24871|CLB4
MMLEGYTVQPPQSTLIGDIEIQDENANQEVKNVLYQGVQKGIKRLEKRQRRVALGDVTSQ
KANKIHNAIHNKFHQTKNNFEIENIRSSALVKEQQRDVRHEDSDYFLIDSSEGSSTDDEQ
VNEDAIDDLLSRRVNDQQIQADEVYEDFDGEMQDVIEEDVDSQIEPLSPINNDEIQTELD
RAFEKYFRSVPNPLDDDTHDVVMVVEYASDIFYYLRELEVKYRPNPYYMQNQVELTWPFR
RTMIDWLVQLHFRFQLLPETLYLTINIVDRFLSKKTVTLNRFQLVGVSALFIAAKFEEIN
CPTLDDLVYMLENTYTRDDIIRAEQYMIDTLEFEIGWPGPMPFLRRISKADDYDFEPRTL
AKYLLETTIVEPKLVAAAPSWLAAGAYFLSRTILGSNDWSLKHVFYSGYTSSQIIPLASL
ILENCKNASRRHHSIWKKYFDQKHYRCSQIVEEWIVSTEA"
complex portal_CPX-339,559292,Saccharomyces cerevisiae,2,yes,,P00546,CDC28,298,">P00546|CDC28
MSGELANYKRLEKVGEGTYGVVYKALDLRPGQGQRVVALKKIRLESEDEGVPSTAIREIS
LLKELKDDNIVRLYDIVHSDAHKLYLVFEFLDLDLKRYMEGIPKDQPLGADIVKKFMMQL
CKGIAYCHSHRILHRDLKPQNLLINKDGNLKLGDFGLARAFGVPLRAYTHEIVTLWYRAP
EVLLGGKQYSTGVDTWSIGCIFAEMCNRKPIFSGDSEIDQIFKIFRVLGTPNEAIWPDIV
YLPDFKPSFPQWRRKDLSQVVPSLDPRGIDLLDKLLAYDPINRISARRAAIHPYFQES",P32943,CLB6,380,">P32943|CLB6
MNCIPSPISERKIQINNEDCIGKENAFHTIPRESSINLTPHSTNEKKVLSEVNSNKIDSL
QLPRGKLQRDSTHLEKTRKRQLSNDSTDPIEPKTVKKIKCHQWKNLDSIEMDDPFMVAEY
TDSIFSHLYEKEIQMLPTHNYLMDTQSPYHLKSSMRALLIDWLVEVHEKFHCLPETLFLA
INLLDRFLSQNVVKLNKLQLLCITCLFIACKFEEVKLPKITNFAYVTDGAATVEGIRKAE
LFVLSSLGYNISLPNPLNFIRRISKADNYCIETRNMAKFIMEYSICCNKFIHLKPSYLAA
MSMYIARKIKNENSKWDETFIHYSGGIDIESDPAFKDFISELVEDIAVPDTNLDSLRLKY
KKPKHGMVYFKVFDWCKQKR"
complex portal_CPX-2894,559292,Saccharomyces cerevisiae,2,yes,,P36107,AUR1,401,">P36107|AUR1
MANPFSRWFLSERPPNCHVADLETSLDPHQTLLKVQKYKPALSDWVHYIFLGSIMLFVFI
TNPAPWIFKILFYCFLGTLFIIPATSQFFFNALPILTWVALYFTSSYFPDDRRPPITVKV
LPAVETILYGDNLSDILATSTNSFLDILAWLPYGLFHFGAPFVVAAILFVFGPPTVLQGY
AFAFGYMNLFGVIMQNVFPAAPPWYKILYGLQSANYDMHGSPGGLARIDKLLGINMYTTA
FSNSSVIFGAFPSLHSGCATMEALFFCYCFPKLKPLFIAYVCWLWWSTMYLTHHYFVDLM
AGSVLSYVIFQYTKYTHLPIVDTSLFCRWSYTSIEKYDISKSDPLAADSNDIESVPLSNL
ELDFDLNMTDEPSVSPSLFDGSTSVSRSSATSITSLGVKRA",Q06346,KEI1,221,">Q06346|KEI1
MRSSLLTLPKSFLGFMPLYLAVEIVLGISILNKCSGAYGILALFTGHPLDFMQWIAYLWS
VFTLIVFSQGLYLIHKPNLLVFSQICVLYTIDTISTCFFTLWFTTQWFTLEDTANIDGNN
ALQSNPISTGKLTERGIDISKQSATESYEYTMTILITLVSLIFRFYFNFILASFVQELLH
HPKYLVDRDDVEQNLKNKPIWKRLWAKSQKGCYKLCKNLLE"
complex portal_CPX-2902,559292,Saccharomyces cerevisiae,2,yes,,P06104,RAD6,172,">P06104|RAD6
MSTPARRRLMRDFKRMKEDAPPGVSASPLPDNVMVWNAMIIGPADTPYEDGTFRLLLEFD
EEYPNKPPHVKFLSEMFHPNVYANGEICLDILQNRWTPTYDVASILTSIQSLFNDPNPAS
PANVEAATLFKDHKSQYVKRVKETVEKSWEDDMDDMDDDDDDDDDDDDDEAD",P10862,RAD18,487,">P10862|RAD18
MDHQITTASDFTTTSIPSLYQLDTLLRCHICKDFLKVPVLTPCGHTFCSLCIRTHLNNQP
NCPLCLFEFRESLLRSEFLVSEIIQSYTSLRSSLLDALRIPKPTPVPENEEVPGPENSSW
IELISESESDSVNAADDDLQIVATSERKLAKRSMTDILPLSSKPSKRNFAMFRSERIKKK
SKPNEQMAQCPICQQFYPLKALEKTHLDECLTLQSLGKKPKISTTFPTESNPHNKSSSRF
KVRTPEVDKSSCGETSHVDKYLNSMMSAEHQRLPKINFTSMTQSQIKQKLSSLGLSTNGT
RQNMIKRYNHYEMLWNSNFCDSLEPVDEAELKRQLLSWDVSHNKTPQNSSNKGGISKLMI
MKSNGKSSSYRKLLENFKNDKFNRKGWMVMFRKDFARLIREAKMKIKTGSSDSSGSVGHS
NDGDGVEKVQSDQGTEDQQMEKDQDTVINEDRVAGERNLPNEDSTDADLSRELMDLNEYS
KDPPGNN"
complex portal_CPX-2948,559292,Saccharomyces cerevisiae,2,yes,,P38428,CUE1,203,">P38428|CUE1
MEDSRLLITLILVFGVIFLKKFFQSNQHPSAQRLSATGVNAHGRPQGSTQNALRRTGRVN
GGHPVTTQMVETVQNLAPNLHPEQIRYSLENTGSVEETVERYLRGDEFSFPPGFEPSRAP
MGANAAVDNNAAGGGEFNDPRKKNMICAENLLDKFHVDLNEDMSNLSFKDLDIEERKRLL
VWQARKNLETKLQSDKDLQSLLT",Q02159,UBC7,165,">Q02159|UBC7
MSKTAQKRLLKELQQLIKDSPPGIVAGPKSENNIFIWDCLIQGPPDTPYADGVFNAKLEF
PKDYPLSPPKLTFTPSILHPNIYPNGEVCISILHSPGDDPNMYELAEERWSPVQSVEKIL
LSVMSMLSEPNIESGANIDACILWRDNRPEFERQVKLSILKSLGF"
complex portal_CPX-1662,559292,Saccharomyces cerevisiae,2,yes,,P40096,BUR6,142,">P40096|BUR6
MADQVPVTTQLPPIKPEHEVPLDAGGSPVGNMGTNSNNNNELGDVFDRIKTHFPPAKVKK
IMQTDEDIGKVSQATPVIAGRSLEFFIALLVKKSGEMARGQGTKRITAEILKKTILNDEK
FDFLREGLCVEEGQTQPEEESA",Q92317,NCB2,146,">Q92317|NCB2
MAGDSDNVSLPKATVQKMISEILDQDLMFTKDAREIIINSGIEFIMILSSMASEMADNEA
KKTIAPEHVIKALEELEYNEFIPFLEEILLNFKGSQKVKETRDSKFKKSGLSEEELLRQQ
EELFRQSRSRLHHNSVSDPVKSEDSS"
complex portal_CPX-1688,559292,Saccharomyces cerevisiae,2,yes,,P17157,PHO85,305,">P17157|PHO85
MSSSSQFKQLEKLGNGTYATVYKGLNKTTGVYVALKEVKLDSEEGTPSTAIREISLMKEL
KHENIVRLYDVIHTENKLTLVFEFMDNDLKKYMDSRTVGNTPRGLELNLVKYFQWQLLQG
LAFCHENKILHRDLKPQNLLINKRGQLKLGDFGLARAFGIPVNTFSSEVVTLWYRAPDVL
MGSRTYSTSIDIWSCGCILAEMITGKPLFPGTNDEEQLKLIFDIMGTPNESLWPSVTKLP
KYNPNIQQRPPRDLRQVLQPHTKEPLDGNLMDFLHGLLQLNPDMRLSAKQALHHPWFAEY
YHHAS",P20052,PHO80,293,">P20052|PHO80
MESTSGERSENIHEDQGIPKVILPADFNKCSRTDLVVLISRMLVSLIAINENSATKKSDD
QITLTRYHSKIPPNISIFNYFIRLTKFSSLEHCVLMTSLYYIDLLQTVYPDFTLNSLTAH
RFLLTATTVATKGLCDSFSTNAHYAKVGGVRCHELNILENDFLKRVNYRIIPRDHNITLC
SIEQKQKKFVIDKNALGSLDLDSYSYVNRPKSGYNVLDKYYRRIVQLVGSFNASPDKSRK
VDYVLPPNIDIVSESGSQTTQLKGSSSPNSHSSQKRYSEAKDAHIYNKRSKPD"
complex portal_CPX-1689,559292,Saccharomyces cerevisiae,2,yes,,P17157,PHO85,305,">P17157|PHO85
MSSSSQFKQLEKLGNGTYATVYKGLNKTTGVYVALKEVKLDSEEGTPSTAIREISLMKEL
KHENIVRLYDVIHTENKLTLVFEFMDNDLKKYMDSRTVGNTPRGLELNLVKYFQWQLLQG
LAFCHENKILHRDLKPQNLLINKRGQLKLGDFGLARAFGIPVNTFSSEVVTLWYRAPDVL
MGSRTYSTSIDIWSCGCILAEMITGKPLFPGTNDEEQLKLIFDIMGTPNESLWPSVTKLP
KYNPNIQQRPPRDLRQVLQPHTKEPLDGNLMDFLHGLLQLNPDMRLSAKQALHHPWFAEY
YHHAS",P40038,PCL6,420,">P40038|PCL6
MSIKGDSPSSTNASSSPKSTYSIQSDDKANLGSGNVDIRTDNSQQDSNNRRDIVVVTRVA
SEETLESQSSTSSMGIRPESSFNYEDASNQARVEMNNRVHGSNMNTINKYYPVRFPKNNE
RQLSDTNNLNEKVQGTHTVQSSTQEDKILDGDTSNSQVTPSLNIAEFPTDKLLKMLTALL
TKIIKSNDRTAATNPSLTQEIENGRCLALSDNEKKYLSPVLGFRGKHVPQIGLDQYFQRI
QKYCPTTNDVFLSLLVYFDRISKRCNSVTTTPKTNTAKHESPSNESSLDKANRGADKMSA
CNSNENNENDDSDDENTGVQRDSRAHPQMFVMDSHNIHRLIIAGITVSTKFLSDFFYSNS
RYSRVGGISLQELNHLELQFLVLCDFELLISVNELQRYADLLYRFWNNAKAQSQALVTGM"
complex portal_CPX-1690,559292,Saccharomyces cerevisiae,2,yes,,P17157,PHO85,305,">P17157|PHO85
MSSSSQFKQLEKLGNGTYATVYKGLNKTTGVYVALKEVKLDSEEGTPSTAIREISLMKEL
KHENIVRLYDVIHTENKLTLVFEFMDNDLKKYMDSRTVGNTPRGLELNLVKYFQWQLLQG
LAFCHENKILHRDLKPQNLLINKRGQLKLGDFGLARAFGIPVNTFSSEVVTLWYRAPDVL
MGSRTYSTSIDIWSCGCILAEMITGKPLFPGTNDEEQLKLIFDIMGTPNESLWPSVTKLP
KYNPNIQQRPPRDLRQVLQPHTKEPLDGNLMDFLHGLLQLNPDMRLSAKQALHHPWFAEY
YHHAS",P40186,PCL7,285,">P40186|PCL7
MELSSPSKKTTTSPINIPGGNRDNLIIGPHSHSFKTDPFSSNNSSLLSKISTNPSLESPF
SSKSLLDCSPVQAVKKSLESEAKTHSLDEETNEQTDVKILNIADFPTDELILMISALLNR
IITANDETTDVSQQVSDETEDELLTPILAFYGKNVPEIAVVQYLERIQKYCPTTNDIFLS
LLVYFDRISKNYGHSSERNGCAKQLFVMDSGNIHRLLITGVTICTKFLSDFFYSNSRYAK
VGGISLQELNHLELQFLILCDFKLLVSVEEMQKYANLLYKFWNDQ"
complex portal_CPX-1691,559292,Saccharomyces cerevisiae,2,yes,,P17157,PHO85,305,">P17157|PHO85
MSSSSQFKQLEKLGNGTYATVYKGLNKTTGVYVALKEVKLDSEEGTPSTAIREISLMKEL
KHENIVRLYDVIHTENKLTLVFEFMDNDLKKYMDSRTVGNTPRGLELNLVKYFQWQLLQG
LAFCHENKILHRDLKPQNLLINKRGQLKLGDFGLARAFGIPVNTFSSEVVTLWYRAPDVL
MGSRTYSTSIDIWSCGCILAEMITGKPLFPGTNDEEQLKLIFDIMGTPNESLWPSVTKLP
KYNPNIQQRPPRDLRQVLQPHTKEPLDGNLMDFLHGLLQLNPDMRLSAKQALHHPWFAEY
YHHAS",Q08966,PCL8,492,">Q08966|PCL8
MANDQDPNKSLINDALTRSMSEFYDDDDDNDSDMCRANDEGEDVFDLPLKVGVSQSRNFS
EVNDVLDPLSSLHGPSKKVRFEQQKQQQQHQQLHNDFNTDFNLKSPSSKKMGVEQLIQSA
NEINDYLANNIDKVNSFNSELLSGSGKLPGRVKSDTATQGTGRLDSMSNFALSDTELDND
DDNYLLDPLANASSTTPTVEHHGYSLLDKALSTSDKEKIYTNKVNSNSQIDTDNHSHESG
NTTNNETDENESSEILDYTKFDSFPYPPSSAPNGEPPDLKVLSIECEQENEKELRRISLL
LDHYESIPKIPELSDDEALSKFRENIELILQLSKKINDNANTLAISSEDPQKFVNFVMKN
PPSLSFRDFIDRIQNKCMFGAVVYLGATYLLQLVFLTRDEMDGPIKLKAKLQEDQAHRII
ISTIRIATKLLEDFVHSQNYICKVFGISKRLLTKLEISFMASVNFDGLMITCEKLEKTLH
ILDDTRQALGNT"
complex portal_CPX-1692,559292,Saccharomyces cerevisiae,2,yes,,P17157,PHO85,305,">P17157|PHO85
MSSSSQFKQLEKLGNGTYATVYKGLNKTTGVYVALKEVKLDSEEGTPSTAIREISLMKEL
KHENIVRLYDVIHTENKLTLVFEFMDNDLKKYMDSRTVGNTPRGLELNLVKYFQWQLLQG
LAFCHENKILHRDLKPQNLLINKRGQLKLGDFGLARAFGIPVNTFSSEVVTLWYRAPDVL
MGSRTYSTSIDIWSCGCILAEMITGKPLFPGTNDEEQLKLIFDIMGTPNESLWPSVTKLP
KYNPNIQQRPPRDLRQVLQPHTKEPLDGNLMDFLHGLLQLNPDMRLSAKQALHHPWFAEY
YHHAS",P53124,PCL10,433,">P53124|PCL10
MDMTKNHTTDTEEFDDGDIRPVSLGIVDDYNASFELPLKPKFLQSENFSDLTSEWDQSRS
NTPGLAEGKTEKAQPCGTTDSSKNRIHVEQLLESANEMNNYLAQNIENINNFQVGLLNGG
KGLYSSMGDDSSACINGTNFSSTSNFELSDDELEDTTGCTSSIFDKDLFHQQNGLSIPRR
RSPLFKSPTASFEIGDATDVEEQDIDDSIFSECSSITSFDMGGLHISLPHDEEEDQEKTK
SESENPLLHGIPVDVEVPHISVDEALANFKETIELLLKLSGNRKCTGFNTRVEKKEYSNF
YMKSKPTLSSADFLKRIQDKCEYQPTVYLVATFLIDTLFLTRDGNNILQLKLNLQEKEVH
RMIIAAVRLSTKLLEDFVHSHEYFSKVCGISKRLLTKLEVSLLICVCNTKLMVSNRKLAA
SKLLLNELRSFCV"
complex portal_CPX-1693,559292,Saccharomyces cerevisiae,2,yes,,P17157,PHO85,305,">P17157|PHO85
MSSSSQFKQLEKLGNGTYATVYKGLNKTTGVYVALKEVKLDSEEGTPSTAIREISLMKEL
KHENIVRLYDVIHTENKLTLVFEFMDNDLKKYMDSRTVGNTPRGLELNLVKYFQWQLLQG
LAFCHENKILHRDLKPQNLLINKRGQLKLGDFGLARAFGIPVNTFSSEVVTLWYRAPDVL
MGSRTYSTSIDIWSCGCILAEMITGKPLFPGTNDEEQLKLIFDIMGTPNESLWPSVTKLP
KYNPNIQQRPPRDLRQVLQPHTKEPLDGNLMDFLHGLLQLNPDMRLSAKQALHHPWFAEY
YHHAS",P35190,CLG1,452,">P35190|CLG1
MANTFKYYPETMGNSSGYPISLPFPKGSATSAVNVARQLPKYLGHVPSQSVHTQLPSMAS
LGYFNQPSSTYYAPPAPLQQHQQPPILPPPGLMYTSNNNSNVIPPPVQMIRDGQQQPQQS
NQVNGGVSENLDYDISIMSKFIMENAFVAFNANYSTDDQTTDLFFKGISSVLNATRLPSA
TIFLAIDYLFKYINKLSNGIHSIGGNSINIIYQNTMIAFILANKFNDDKTFTNNSWSQAT
GILINVINDFERQWLRIFNWELYDSAFLYFEFVKNFEIFKQNQLKPAVAVPTLLSPIVNV
GDTRNVNFNLKPTSTNNLLSPVSNYETPMLMPHNMFSSPSYQSNSRSEFSSMNGYYNYYN
YNQPRLNYYQQFPNIYSSPISETQFDYDFYNFSSQQQQQQQKQHSLLPAAPQLPPPHVHN
QSYGHHLGWKSMDDTINHSRFERNYFPYSAVY"
complex portal_CPX-1694,559292,Saccharomyces cerevisiae,2,yes,,P17157,PHO85,305,">P17157|PHO85
MSSSSQFKQLEKLGNGTYATVYKGLNKTTGVYVALKEVKLDSEEGTPSTAIREISLMKEL
KHENIVRLYDVIHTENKLTLVFEFMDNDLKKYMDSRTVGNTPRGLELNLVKYFQWQLLQG
LAFCHENKILHRDLKPQNLLINKRGQLKLGDFGLARAFGIPVNTFSSEVVTLWYRAPDVL
MGSRTYSTSIDIWSCGCILAEMITGKPLFPGTNDEEQLKLIFDIMGTPNESLWPSVTKLP
KYNPNIQQRPPRDLRQVLQPHTKEPLDGNLMDFLHGLLQLNPDMRLSAKQALHHPWFAEY
YHHAS",P25693,PCL2,308,">P25693|PCL2
MSNYEALLKFNRKAVSKEMVQYLASTTASIIKIKKTNSMIDIALPAPPLTKFINRLIKHS
NVQTPTLMATSVYLAKLRSIIPSNVYGIETTRHRIFLGCLILAAKTLNDSSPLNKHWAEY
TDGLLILREVNTIERELLEYFDWDVTISTDDLITCLSPFLKPIKEEQLYKSQRDCRTLKN
FSAQEKDIVNKTSISHSRSSSNMSIPSLASTSTLSTLESRRSNLSNYSNRIRTLPELHES
NNISDKFSPRTYNIDSKHDNKENRPIPTIKPFNFSKARPVILKTGLNKQIIKEDTKVKKS
NWSNYFKS"
complex portal_CPX-1695,559292,Saccharomyces cerevisiae,2,yes,,P17157,PHO85,305,">P17157|PHO85
MSSSSQFKQLEKLGNGTYATVYKGLNKTTGVYVALKEVKLDSEEGTPSTAIREISLMKEL
KHENIVRLYDVIHTENKLTLVFEFMDNDLKKYMDSRTVGNTPRGLELNLVKYFQWQLLQG
LAFCHENKILHRDLKPQNLLINKRGQLKLGDFGLARAFGIPVNTFSSEVVTLWYRAPDVL
MGSRTYSTSIDIWSCGCILAEMITGKPLFPGTNDEEQLKLIFDIMGTPNESLWPSVTKLP
KYNPNIQQRPPRDLRQVLQPHTKEPLDGNLMDFLHGLLQLNPDMRLSAKQALHHPWFAEY
YHHAS",P24867,PCL1,279,">P24867|PCL1
MCEYSKALHILLKSPVTDDIIKFLTDTTLRVVPSSNYPTPPGSPGEKHLTRLPSLMTFIT
RLVRYTNVYTPTLLTAACYLNKLKRILPRDATGLPSTIHRIFLACLILSAKFHNDSSPLN
KHWARYTDGLFTLEDINLMERQLLQLLNWDLRVNTEDLILDLQPLLEPIKQDLARSSDQR
KRINMMMSMNRRTCAGTSPIRSNNRFKLYEKQRNVSIASDLSSATLVDSCNDLRRLKDVT
NIANNTVANTNYVRTVEKWNDNVNRQSWDLEQIMSQHGF"
complex portal_CPX-1696,559292,Saccharomyces cerevisiae,2,yes,,P17157,PHO85,305,">P17157|PHO85
MSSSSQFKQLEKLGNGTYATVYKGLNKTTGVYVALKEVKLDSEEGTPSTAIREISLMKEL
KHENIVRLYDVIHTENKLTLVFEFMDNDLKKYMDSRTVGNTPRGLELNLVKYFQWQLLQG
LAFCHENKILHRDLKPQNLLINKRGQLKLGDFGLARAFGIPVNTFSSEVVTLWYRAPDVL
MGSRTYSTSIDIWSCGCILAEMITGKPLFPGTNDEEQLKLIFDIMGTPNESLWPSVTKLP
KYNPNIQQRPPRDLRQVLQPHTKEPLDGNLMDFLHGLLQLNPDMRLSAKQALHHPWFAEY
YHHAS",P38794,PCL5,229,">P38794|PCL5
MDGNHRFTPDSKEFNTVVKSKESSTGRNPYQTPPLEHNGTHHQTNYSRKKTNLAIIISNF
LSEISRPLSNGKINNSTHNILKFLNEVLKRSKCSKENAVLATFYFQKIHQSRGVRDESSL
PEFSHCSRRIFLCCLILSHKFLNDNTYSMKNWQIISGLHAKDLSLMERWCLGKLNYELAI
PYDEFLLWETNTLMKAKLRVGTPANAPVKRPRESDNDYDANSWKQIKSC"
complex portal_CPX-1697,559292,Saccharomyces cerevisiae,2,yes,,P17157,PHO85,305,">P17157|PHO85
MSSSSQFKQLEKLGNGTYATVYKGLNKTTGVYVALKEVKLDSEEGTPSTAIREISLMKEL
KHENIVRLYDVIHTENKLTLVFEFMDNDLKKYMDSRTVGNTPRGLELNLVKYFQWQLLQG
LAFCHENKILHRDLKPQNLLINKRGQLKLGDFGLARAFGIPVNTFSSEVVTLWYRAPDVL
MGSRTYSTSIDIWSCGCILAEMITGKPLFPGTNDEEQLKLIFDIMGTPNESLWPSVTKLP
KYNPNIQQRPPRDLRQVLQPHTKEPLDGNLMDFLHGLLQLNPDMRLSAKQALHHPWFAEY
YHHAS",Q12477,PCL9,304,">Q12477|PCL9
MISDYDALLQFNKKPVSQEMIQFLATSTASIIKIRENNNPIQGCRPPDLSIFIKNVVIQS
NVQTPTLMATSVYLNKLKSVIPKNVYGINTTRHRIFLGCLILAAKTLNDSSPWNKHWTTY
TEGLLRIREVNTIERELLEYLNWDVRITTPDLIDSLSYFLGPIKEQLFLQRRQEMLLFNA
PSPGQLKEYINHRRPVSHSRTSSAISVPSLTSMATVSTTDSRSSLLAKYQPSLPLVESDN
FNKKNHVPLRNNNDICNNFRAEENIHSVNHIDVTMGSSPVMSHKPTIHQRLNFTRRGWSS
FFKQ"
complex portal_CPX-1701,559292,Saccharomyces cerevisiae,2,yes,,P00546,CDC28,298,">P00546|CDC28
MSGELANYKRLEKVGEGTYGVVYKALDLRPGQGQRVVALKKIRLESEDEGVPSTAIREIS
LLKELKDDNIVRLYDIVHSDAHKLYLVFEFLDLDLKRYMEGIPKDQPLGADIVKKFMMQL
CKGIAYCHSHRILHRDLKPQNLLINKDGNLKLGDFGLARAFGVPLRAYTHEIVTLWYRAP
EVLLGGKQYSTGVDTWSIGCIFAEMCNRKPIFSGDSEIDQIFKIFRVLGTPNEAIWPDIV
YLPDFKPSFPQWRRKDLSQVVPSLDPRGIDLLDKLLAYDPINRISARRAAIHPYFQES",P24869,CLB2,491,">P24869|CLB2
MSNPIENTENSQNTSSSRFLRNVQRLALNNVTNTTFQKSNANNPALTNFKSTLNSVKKEG
SRIPQFTRESVSRSTAAQEEKRTLKENGIQLPKNNLLDDKENQDPSSQQFGALTSIKEGR
AELPANISLQESSSAKEIIQHDPLKGVGSSTEVVHNSVENEKLHPARSQLQVRNTESETD
SGKKRPISTIVEQELPKKFKVCDENGKEEYEWEDLDAEDVNDPFMVSEYVNDIFEYLHQL
EVITLPKKEDLYQHRNIHQNRDILVNWLVKIHNKFGLLPETLYLAINIMDRFLGKELVQL
DKLQLVGTSCLFIASKYEEVYSPSIKHFASETDGACTEDEIKEGEKFILKTLKFNLNYPN
PMNFLRRISKADDYDIQSRTLAKFLLEISLVDFRFIGILPSLCAAAAMFMSRKMLGKGKW
DGNLIHYSGGYTKEELAPVCHMIMDYLVSPIVHDEFHRKYQSRRFMKASIISVQWALKVR
KNGYDIMTLHE"
complex portal_CPX-1702,559292,Saccharomyces cerevisiae,2,yes,,P00546,CDC28,298,">P00546|CDC28
MSGELANYKRLEKVGEGTYGVVYKALDLRPGQGQRVVALKKIRLESEDEGVPSTAIREIS
LLKELKDDNIVRLYDIVHSDAHKLYLVFEFLDLDLKRYMEGIPKDQPLGADIVKKFMMQL
CKGIAYCHSHRILHRDLKPQNLLINKDGNLKLGDFGLARAFGVPLRAYTHEIVTLWYRAP
EVLLGGKQYSTGVDTWSIGCIFAEMCNRKPIFSGDSEIDQIFKIFRVLGTPNEAIWPDIV
YLPDFKPSFPQWRRKDLSQVVPSLDPRGIDLLDKLLAYDPINRISARRAAIHPYFQES",P30283,CLB5,435,">P30283|CLB5
MGENHDHEQSIKRNSMIYNENERQLCNSNLKILQNKRALSKNDSSSKQQVQDSKPRRALT
DVPVNNNPLSQNKRIVAGSKAAKVRREENIRPIVSAVQKRQIYNDRTAAEQEEEEEEEGE
DDDAASIVNKKRRIDAEGVSEIVGWQDLDYVEKDDTAMVAEYSAEIFAFLYRRELETLPS
HNYLLDKTSKYYLRPSMRTILVDWLVEVHEKFQCYPETLFLSINLMDRFLAKNKVTMNKL
QLLAVTSLFIAAKFEEVNLPKLAEYAYITDGAASKNDIKNAEMFMLTSLEFNIGWPNPLN
FLRRISKADDYDPVNRNIGKFILEYAYCCHQFIHLPPSTVSAMAMYIARRMTNRNKNELW
NGTLQHYSGGIDPIHDEAFQSLCIDLVKDIASSKTHLDSLILKYKKPRYGSVYFQTFKWC
TSEMHSNFQNLFNLK"
complex portal_CPX-1703,559292,Saccharomyces cerevisiae,2,yes,,P40961,PHB1,287,">P40961|PHB1
MSNSAKLIDVITKVALPIGIIASGIQYSMYDVKGGSRGVIFDRINGVKQQVVGEGTHFLV
PWLQKAIIYDVRTKPKSIATNTGTKDLQMVSLTLRVLHRPEVLQLPAIYQNLGLDYDERV
LPSIGNEVLKSIVAQFDAAELITQREIISQKIRKELSTRANEFGIKLEDVSITHMTFGPE
FTKAVEQKQIAQQDAERAKFLVEKAEQERQASVIRAEGEAESAEFISKALAKVGDGLLLI
RRLEASKDIAQTLANSSNVVYLPSQHSGGGNSESSGSPNSLLLNIGR",P50085,PHB2,310,">P50085|PHB2
MNRSPGEFQRYAKAFQKQLSKVQQTGGRGQVPSPRGAFAGLGGLLLLGGGALFINNALFN
VDGGHRAIVYSRIHGVSSRIFNEGTHFIFPWLDTPIIYDVRAKPRNVASLTGTKDLQMVN
ITCRVLSRPDVVQLPTIYRTLGQDYDERVLPSIVNEVLKAVVAQFNASQLITQREKVSRL
IRENLVRRASKFNILLDDVSITYMTFSPEFTNAVEAKQIAQQDAQRAAFVVDKARQEKQG
MVVRAQGEAKSAELIGEAIKKSRDYVELKRLDTARDIAKILASSPNRVILDNEALLLNTV
VDARIDGRGK"
complex portal_CPX-1249,559292,Saccharomyces cerevisiae,2,yes,,P32598,GLC7,312,">P32598|GLC7
MDSQPVDVDNIIDRLLEVRGSKPGQQVDLEENEIRYLCSKARSIFIKQPILLELEAPIKI
CGDIHGQYYDLLRLFEYGGFPPESNYLFLGDYVDRGKQSLETICLLLAYKIKYPENFFIL
RGNHECASINRIYGFYDECKRRYNIKLWKTFTDCFNCLPIAAIIDEKIFCMHGGLSPDLN
SMEQIRRVMRPTDIPDVGLLCDLLWSDPDKDIVGWSENDRGVSFTFGPDVVNRFLQKQDM
ELICRAHQVVEDGYEFFSKRQLVTLFSAPNYCGEFDNAGAMMSVDESLLCSFQILKPAQK
SLPRQAGGRKKK",P36047,SDS22,338,">P36047|SDS22
MDKNSVNKDSEEKDERHKIEVVDDTNPDFITADSELTQDLPDDVEVIDLVHLKIKSLEDL
NLYRFKNLKQLCLRQNLIESISEVEVLPHDKIVDLDFYDNKIKHISSNVNKLTKLTSLDL
SFNKIKHIKNLENLTDLENLYFVQNSISKIENLSTLKSLKNLELGGNKVHSIEPDSFEGL
SNLEEIWLGKNSIPRLINLHPLKNLKILSIQSNKLKKIENLEELTNLEELYLSHNFITKI
EGLEKNLKLTTLDVTSNKITSLENLNHLSNLTDIWASFNKIDQSFESLGENLSALSRLET
IYLEGNPIQLENKTSYRRKLTMNLPPSLQKIDATYIRG"
complex portal_CPX-1267,559292,Saccharomyces cerevisiae,2,yes,,P32598,GLC7,312,">P32598|GLC7
MDSQPVDVDNIIDRLLEVRGSKPGQQVDLEENEIRYLCSKARSIFIKQPILLELEAPIKI
CGDIHGQYYDLLRLFEYGGFPPESNYLFLGDYVDRGKQSLETICLLLAYKIKYPENFFIL
RGNHECASINRIYGFYDECKRRYNIKLWKTFTDCFNCLPIAAIIDEKIFCMHGGLSPDLN
SMEQIRRVMRPTDIPDVGLLCDLLWSDPDKDIVGWSENDRGVSFTFGPDVVNRFLQKQDM
ELICRAHQVVEDGYEFFSKRQLVTLFSAPNYCGEFDNAGAMMSVDESLLCSFQILKPAQK
SLPRQAGGRKKK",P38232,REG2,338,">P38232|REG2
MTLSNCDSLDNLFQDPPEEEESSKFVEAVRTLMNRNDMGYPPAAANGTYCLKKIKSLNAK
QWKINKKRMCMLPAVKKKNFDFHEQRSLILNLNLWKFIKFINCSSKNNYNKNNKHVRSSN
NTVKNENVLPLQKHKKVDNDQRLENLFWRSWFKARKRRDIMGKPRERHIKFNDNVEQCII
TDEHFIQRLPSTRLNSTDEQRPCSKSELDPCIGNAASKRSFYDYNSVYVASDAIITTAAA
TAIISSNSGDYQRGHDVRDVPRNVLLQAGETDFSSVLRVDSDLKLSNISHHSPVKPSSTS
SHSTFIFESETDTDTDTDAETENDIDAYIDTSIPNLLL"
complex portal_CPX-1269,559292,Saccharomyces cerevisiae,2,yes,,P38211,GPI18,433,">P38211|GPI18
MIVGLTLYFVLFRSIQYLLVFLTPIRQFDTSTSLLLNELCSSPSEINSYWNKYFWNKLLS
WDSVFFIKNITSKNGKPQFEHEYAFSQLWTFFVRLFIKSNNDSIYHALRVGVAIENVLFY
LSGIVLYFLTKKIFSQNIRQSQFARTIAKKTSLLFFLTSAAGFLTSIYSEPLSFFFAFVG
IWSRECSISVPVLGQFDISWRYWFPYSFISMACFTLASLNRSNCVLLGIYFIFDLIELTK
NRKFVKAICFPLLSGSLMFSALLYQQYYLPYKTFCPQRGEWCKSQLFSSIFITKTSLYSY
IQSHYWGVGLLKYWTPNNIPNFLFAVPNIIILIYSSIYFSKIYPSYNLKALVWITRALVV
IVCFFAHVQILNRIASFLPLHLWYLADRLVKTSDPKKMENPKGDDKIVKFYIYWLAFWIP
LQTILFAAFLPPA",P53896,PGA1,198,">P53896|PGA1
MVRPQNVHWFIATIVFFIGFVHANTESILYKVPHNFPLKKPRDSSTYARDVNLISSISLS
GEAMSQITIEANTTDLELHNTTYIELADLQRDETYQIKVCWSAIHPISINNLQTITIPRF
TEFQGTKSDYARILVTFQVLSDSYPSEHAMVPIQVSLITTRLGIPVDIYPTLIVMVLLVA
GLVVTRAPHVLNDLLLKF"
complex portal_CPX-1270,559292,Saccharomyces cerevisiae,2,yes,,P25580,PBN1,416,">P25580|PBN1
MVTRHRVTVLYNAPEDIGNHMRQNDTHLTVRGGSGVVLQQRWLLERTGSLDKSFTRITWR
PRADLARSLSVIENELSAGFSVYSNSSDVPERFITNPVYNSFHSEKFDIEQYLPPEVDLN
LSWNPEDFTYDISVEPTQIQIVEYRLLKQGEEFTIARVKDEKLEVGVFFVDASDESDVDI
GGIRCNWRMDDGKMERCQKTSLLYKQGHIAYNHSTTTTSLYLNEPIGLHPKIMIDLTDFE
ERPKCMYLMHLQLPLELFIDKFQSSPLLLFGEDDLELPEYSLRDKAWGSESIFELKAGTM
NEVTLHTRYIEPSNNKGDKLEVSFDPEVILACDTGDNKVSRNPFYKKGLGYESLFTDDTT
FRHLNSTTLLVPIPRPDTKDYSKIKNGTLLCLLISIIYIFSKVFGNNKKKRSVKRE",P47088,GPI14,403,">P47088|GPI14
MTGEEWGLTVLSFLVRVGFFLFGIYQDANFKVRYTDIDYFVFHDAAKYVYEGKSPYARDT
YRYTPLLSWLLVPNHYFGWFHLGKVIFVIFDLVTGLIIMKLLNQAISRKRALILESIWLL
NPMVITISTRGNAESVLCCLIMFTLFFLQKSRYTLAGILYGLSIHFKIYPIIYCIPIAIF
IYYNKRNQGPRTQLTSLLNIGLSTLTTLLGCGWAMYKIYGYEFLDQAYLYHLYRTDHRHN
FSVWNMLLYLDSANKENGESNLSRYAFVPQLLLVLVTGCLEWWNPTFDNLLRVLFVQTFA
FVTYNKVCTSQYFVWYLIFLPFYLSRTHIGWKKGLLMATLWVGTQGIWLSQGYYLEFEGK
NVFYPGLFIASVLFFVTNVWLLGQFITDIKIPTQPTVSNKKNN"
complex portal_CPX-1277,559292,Saccharomyces cerevisiae,2,yes,,P13902,INO4,151,">P13902|INO4
MTNDIKEIQTIQPGLSEIKEIKGELANVKKRKRRSKKINKLTDGQIRINHVSSEKKRREL
ERAIFDELVAVVPDLQPQESRSELIIYLKSLSYLSWLYERNEKLRKQIIAKHEAKTGSSS
SSDPVQEQNGNIRDLVPKELIWELGDGQSGQ",P26798,INO2,304,">P26798|INO2
MQQATGNELLGILDLDNDIDFETAYQMLSSNFDDQMSAHIHENTFSATSPPLLTHELGII
PNVATVQPSHVETIPADNQTHHAPLHTHAHYLNHNPHQPSMGFDQALGLKLSPSSSGLLS
TNESNAIEQFLDNLISQDMMSSNASMNSESHLHIRSPKKQHRYTELNQRYPETHPHSNTG
ELPTNTADVPTEFTTREGPHQPIGNDHYNPPPFSVPEIRIPDSDIPANIEDDPVKVRKWK
HVQMEKIRRINTKEAFERLIKSVRTPPKENGKRIPKHILLTCVMNDIKSIRSANEALQHI
LDDS"
complex portal_CPX-1278,559292,Saccharomyces cerevisiae,2,yes,,P0CT04,PBI2,75,">P0CT04|PBI2
MTKNFIVTLKKNTPDVEAKKFLDSVHHAGGSIVHEFDIIKGYTIKVPDVLHLNKLKEKHN
DVIENVEEDKEVHTN",P22217,TRX1,103,">P22217|TRX1
MVTQFKTASEFDSAIAQDKLVVVDFYATWCGPCKMIAPMIEKFSEQYPQADFYKLDVDEL
GDVAQKNEVSAMPTLLLFKNGKEVAKVVGANPAAIKQAIAANA"
complex portal_CPX-1279,559292,Saccharomyces cerevisiae,2,yes,,P0CT04,PBI2,75,">P0CT04|PBI2
MTKNFIVTLKKNTPDVEAKKFLDSVHHAGGSIVHEFDIIKGYTIKVPDVLHLNKLKEKHN
DVIENVEEDKEVHTN",P22803,TRX2,104,">P22803|TRX2
MVTQLKSASEYDSALASGDKLVVVDFFATWCGPCKMIAPMIEKFAEQYSDAAFYKLDVDE
VSDVAQKAEVSSMPTLIFYKGGKEVTRVVGANPAAIKQAIASNV"
complex portal_CPX-1287,559292,Saccharomyces cerevisiae,2,yes,,P53159,MPS2,387,">P53159|MPS2
MSNGAFDAIFEYAWGQIDKPISGDFIYGKDLPKLIEIIENIFQKAQKSGSYELRLPLFSE
INKDLFRTFSNTKTFFKIHKEEFDDIFFNLVNHPLREILENAFIGVDSIPSDFIVSMNLN
SPSKFLVENKNKNTEGAGISTPRKKLTESPIKLLSRNNIGKALEVQVEELKRELTAKQSL
LQENERQVSELKIRLETYQEKYASIQQRFSDLQKARQVEDNQNSSRTSDPGSPLVTGIDQ
KAILEEFRRRLQRQTDTISFLKDQIRRERGLNCSNDKVSHSKRKHATTDGDGTFKNFISA
VPSNIWVKATIRIIVCFALLAGVLPYIRKYVYAHDTPSQNSRLQLSWWENSGILSKIVWF
FEDQTDLETEYRSNANVDDAYSRVFGI",Q12365,BBP1,385,">Q12365|BBP1
MNQEDNTGGGGIFGLFKWTKDALFGTDISPSMKYKDQEERRDRSRYAQDDTNFSMKFGND
SNRRSTNLSRSNSWSGLDSTLHRKYELLPEYNENGFNSIVNGDHHSKERIRSLRSPAPIV
PREPLRNEPTDTFGHRLHTKRRTINELSNSQIPFIPPQEDDPLLSKLFNKDGVNEVRRSP
YKLSVKDIPGKFPSPLTKRDEIDNYYVRDEDACHKNREYKKAYFDLFAQMDLNSRDLEDL
CEDVREQREQFHRNEQTYKQAYEEMRAELVNELKKSKTLFENYYSLGQKYKSLKKVLDQT
ISHEAELATSRERLYQEEDLKNFEIQTLKQRLSDLELKYTNLQIEKDMQRDNYESEIHDL
LLQLSLRNNERKDTSAGSNIFSTGQ"
complex portal_CPX-1288,559292,Saccharomyces cerevisiae,2,yes,,P32489,MEI5,222,">P32489|MEI5
MHNQEEWLDKDKTLVNEEENTCINHSYTKKDTNNYRVGKSGIKDLKKPTNQKEIAIKNRE
LTKQLTLLRQENNHLQQACKILSENKIIENRKSIEKWRTICEMELSFILNSTLIKINRMG
GYKDFLEKEMEAKKRRLEYQIDNGMEDQICEIKESDDFRQLSEVEKQEWESQMNEQLKEL
EKKKIAELEKLNKVLHDSEGKDFGMAELCTRLKLDYSLIFPQ",P89114,SAE3,91,">P89114|SAE3
MNYLETQLNKKQKQIQEYESMNGNLIKMFEQLSKEKKNDETPKKISSTYIKELKEYNELR
DAGLRLAQIIADEKQCKIKDVFEEIGYSMKD"
complex portal_CPX-1292,559292,Saccharomyces cerevisiae,2,yes,,P33323,REC104,182,">P33323|REC104
MSIEEEDTNKITCTQDFLHQYFVTERVSIQFGLNNKTVKRINKDEFDKAVNCIMSWTNYP
KPGLKRTASTYLLSNSFKKSATVSLPFILGDPVCMPKRVESNNNDTCLLYSDTLYDDPLI
QRNDQAGDEIEDEFSFTLLRSEVNEIRPISSSSTAQILQSDYSALMYERQASNGSIFQFS
SP",Q02721,REC102,264,">Q02721|REC102
MARDITFLTVFLESCGAVNNDEAGKLLSAWTSTVRIEGPESTDSNSLYIPLLPPGMLKIK
LNFKMNDRLVTEEQELFTKLREIVGSSIRFWEEQLFYQVQDVSTIENHVILSLKCTILTD
AQISTFISKPRELHTHAKGYPEIYYLSELSTTVNFFSKEGNYVEISQVIPHFNEYFSSLI
VSQLEFEYPMVFSMISRLRLKWQQSSLAPISYALTSNSVLLPIMLNMIAQDKSSTTAYQI
LCRRRGPPIQNFQIFSLPAVTYNK"
complex portal_CPX-1303,559292,Saccharomyces cerevisiae,2,yes,,P39552,MST28,234,">P39552|MST28
MQTPPESTDVKLDTLNEPSAHLIEKNVALPKDIFRSYLSYWIYEIARYTPVMILSLVIGV
LVLLIIFFNDNEACVFNSAIFAFTSLVGLLIILSDGNPKLVSRRNFRTELLVDVITRKPA
VEGKEWRIITYNMNQYLFNHGQWHTPYYFYSDEDCYRYFLRLVEGVTPKKQTATSIGNSP
VTAKPEDAIESASPSSRLNYQNFLLKAAEIERQAQENYWRRRHPNIDALLKKTE",P53176,MST27,234,">P53176|MST27
MQTPLESTDVKLDTLNEPSAHLIEKNVALPKDIFRSYLSYWIYEIARYTPVMILSLVIGV
LVLLIIFFNDNEACVFNSAYYAYLSLVVLLIILGDGNPKLVSRRNFRTELLVDVITRKPA
VEGKEWRIITYNMNQYLFNHGQWHTPYYFYSDEDCYRYFLRLVEGVTPKKQTATSIGNSP
VTAKPEDAIESASPSSRLNYRNFLLKAAEIERQAQENYWRRRHPNIDALLKKTE"
complex portal_CPX-1306,559292,Saccharomyces cerevisiae,2,yes,,P38879,EGD2,174,">P38879|EGD2
MSAIPENANVTVLNKNEKKARELIGKLGLKQIPGIIRVTFRKKDNQIYAIEKPEVFRSAG
GNYVVFGEAKVDNFTQKLAAAQQQAQASGIMPSNEDVATKSPEDIQADMQAAAEGSVNAA
AEEDDEEGEVDAGDLNKDDIELVVQQTNVSKNQAIKALKAHNGDLVNAIMSLSK",Q02642,EGD1,157,">Q02642|EGD1
MPIDQEKLAKLQKLSANNKVGGTRRKLNKKAGSSAGANKDDTKLQSQLAKLHAVTIDNVA
EANFFKDDGKVMHFNKVGVQVAAQHNTSVFYGLPQEKNLQDLFPGIISQLGPEAIQALSQ
LAAQMEKHEAKAPADAEKKDEAIPELVEGQTFDADVE"
complex portal_CPX-1307,559292,Saccharomyces cerevisiae,2,yes,,P38879,EGD2,174,">P38879|EGD2
MSAIPENANVTVLNKNEKKARELIGKLGLKQIPGIIRVTFRKKDNQIYAIEKPEVFRSAG
GNYVVFGEAKVDNFTQKLAAAQQQAQASGIMPSNEDVATKSPEDIQADMQAAAEGSVNAA
AEEDDEEGEVDAGDLNKDDIELVVQQTNVSKNQAIKALKAHNGDLVNAIMSLSK",P40314,BTT1,149,">P40314|BTT1
MPVDQEKLAKLHKLSAANKVGGTRRKINKKGNLYNNNDKDNTKLQAELHKLHPMTIENVA
EANFFKKNGKVLHFNSAVVQIAPQCNLTMIHGQPKENTLNGLYPSVASQLGSQELEYLTG
LAHNLENEQTVLDQLGDRCSETKQQVMNS"
complex portal_CPX-1317,559292,Saccharomyces cerevisiae,2,yes,,P12611,WHI2,486,">P12611|WHI2
MDDIITQVSPDNAESAPILQEQQQQQNSQYEGNEEDYGDSLIHLNIQENHYFITRDQLMS
LPESLLLCLFPSGVFLDRCGQVITNLTRDDEVYIVNFPPDCFEYIMEIYTKAHDDLYNHP
VEKFFDRPSSSFVSNAKGFFGLSSNNSISSNNEQDILHQKPAIIVLREDLDYYCVPQEEF
QFDSTNEENNEDLLRHFMAQVKMAAGSYLTSKTSIFQGLYSSNRLKQQQQQQKIEKGSNS
SSNTKSTSKKLGPAEQHLMDMLCSSGFTKETCWGNRTQETGKTVISSLSLCRLANETTEG
FRQKFNEAKAKWEAEHKPSQDNFITPMQSNISINSLSASKSNSTISTARNLTSGSTAPAT
ARDKRKSRLSKLADNVRSHSSSRHSSQTRSKPPELPKLYDLVPKPNINAKLLLFWRKPAR
KCWWGEEDIELEVEVFGSWKDESKKIIELILPTNVDPEAELHKIIVPVRLHIRRVWTLEL
SVIGVQ",Q07800,PSR1,427,">Q07800|PSR1
MGFISSILCCSSETTQSNSNSAYRQQQSSSLNKNRSVKHSNTKSRTRGVHQTNSPPSKTN
SAATFSSTERSTGKSGISTNDNEKKKPSSPTAAVTATTTNNMTKVEKRISKDDLYEEKYE
VDEDEEIDDEDNRRSRGIVQEKGDAVKDTSRQKKQQQQQQQQSQPQPQPQSQSQSQSQSQ
SQQRGPTVQVSSDHLIQDMNLSRVSSSSQASETSNDADDEDDEDEEYIDLTLLQQGQYHA
PGYNTLLPPQDESTKGKKCLILDLDETLVHSSFKYLRSADFVLSVEIDDQVHNVYVIKRP
GVEEFLERVGKLFEVVVFTASVSRYGDPLLDILDTDKVIHHRLFREACYNYEGNYIKNLS
QIGRPLSDIIILDNSPASYIFHPQHAIPISSWFSDTHDNELLDIIPLLEDLSVKTSLDVG
KILDVTI"
complex portal_CPX-1318,559292,Saccharomyces cerevisiae,2,yes,,P12611,WHI2,486,">P12611|WHI2
MDDIITQVSPDNAESAPILQEQQQQQNSQYEGNEEDYGDSLIHLNIQENHYFITRDQLMS
LPESLLLCLFPSGVFLDRCGQVITNLTRDDEVYIVNFPPDCFEYIMEIYTKAHDDLYNHP
VEKFFDRPSSSFVSNAKGFFGLSSNNSISSNNEQDILHQKPAIIVLREDLDYYCVPQEEF
QFDSTNEENNEDLLRHFMAQVKMAAGSYLTSKTSIFQGLYSSNRLKQQQQQQKIEKGSNS
SSNTKSTSKKLGPAEQHLMDMLCSSGFTKETCWGNRTQETGKTVISSLSLCRLANETTEG
FRQKFNEAKAKWEAEHKPSQDNFITPMQSNISINSLSASKSNSTISTARNLTSGSTAPAT
ARDKRKSRLSKLADNVRSHSSSRHSSQTRSKPPELPKLYDLVPKPNINAKLLLFWRKPAR
KCWWGEEDIELEVEVFGSWKDESKKIIELILPTNVDPEAELHKIIVPVRLHIRRVWTLEL
SVIGVQ",Q07949,PSR2,397,">Q07949|PSR2
MGFIANILCCSSDTSKTHRQRQPPETNHNRNRNRKHSSNKAQTQGRKQKATPNGDKMQYS
TPEILLSSSDSGSNAGSKTMQENGNSGNGKLAPLSRDHSNNSYDEEKEYEDYNEGDVEMT
EVNNAGEEEEEDDEAKEKQDHVVHEYNVDADRNSSINDEAPPQQGLYQVGQEDMNPQYVA
SSPDNDLNLIPTTEEDFSDLTHLQPDQYHAPGYDTLLPPKLQEFQQKKCLILDLDETLVH
SSFKYMHSADFVLPVEIDDQVHNVYVIKRPGVDEFLNRVSQLYEVVVFTASVSRYANPLL
DTLDPNGTIHHRLFREACYNYEGNYIKNLSQIGRPLSETIILDNSPASYIFHPQHAVPIS
SWFSDTHDNELLDIIPLLEDLSSGNVLDVGSVLDVTI"
complex portal_CPX-26486,559292,Saccharomyces cerevisiae,2,yes,,P20133,BET2,325,">P20133|BET2
MSGSLTLLKEKHIRYIESLDTKKHNFEYWLTEHLRLNGIYWGLTALCVLDSPETFVKEEV
ISFVLSCWDDKYGAFAPFPRHDAHLLTTLSAVQILATYDALDVLGKDRKVRLISFIRGNQ
LEDGSFQGDRFGEVDTRFVYTALSALSILGELTSEVVDPAVDFVLKCYNFDGGFGLCPNA
ESHAAQAFTCLGALAIANKLDMLSDDQLEEIGWWLCERQLPEGGLNGRPSKLPDVCYSWW
VLSSLAIIGRLDWINYEKLTEFILKCQDEKKGGISDRPENEVDVFHTVFGVAGLSLMGYD
NLVPIDPIYCMPKSVTSKFKKYPYK",Q02202,ECM9,377,">Q02202|ECM9
MQSSLPLCREFFEKITAYLDYHDFRLTITANQPSITLPYYVDEKAHSIELIIFKTTFLSL
FQEAHTYFNKTFSDQSGISNENIYYMTVGFLLTTPENKTVYNVHEDLLKRYFQDNSVLVI
PDLLVKEVRLIQRLLCSSNNRINKSSSLWILYRKLFVLSLDANTLVLPDILFVFHSSGSQ
HFSNYYCWNTARWFYDNLPYNKRIELFNLTKRFCFQNVKDCSSWSALAYMVCQQEEKKTD
NIRDFQRLTSSFNVPFKINKVDLNFQVQPADAFTQELVKWIDRTYAADWPPYLCLLQITK
FNITLRIEMDSVLLTWRNEILNFEENSGHIKMINNTPIVPEKFSNDLLTSVNFAHFGYKK
LFLNKFLDKNKKEQSDS"
complex portal_CPX-1320,559292,Saccharomyces cerevisiae,2,yes,,P32628,RAD23,398,">P32628|RAD23
MVSLTFKNFKKEKVPLDLEPSNTILETKTKLAQSISCEESQIKLIYSGKVLQDSKTVSEC
GLKDGDQVVFMVSQKKSTKTKVTEPPIAPESATTPGRENSTEASPSTDASAAPAATAPEG
SQPQEEQTATTERTESASTPGFVVGTERNETIERIMEMGYQREEVERALRAAFNNPDRAV
EYLLMGIPENLRQPEPQQQTAAAAEQPSTAATTAEQPAEDDLFAQAAQGGNASSGALGTT
GGATDAAQGGPPGSIGLTVEDLLSLRQVVSGNPEALAPLLENISARYPQLREHIMANPEV
FVSMLLEAVGDNMQDVMEGADDMVEGEDIEVTGEAAAAGLGQGEGEGSFQVDYTPEDDQA
ISRLCELGFERDLVIQVYFACDKNEEAAANILFSDHAD",Q02890,PNG1,363,">Q02890|PNG1
MGEVYEKNNIDFDSIAKMLLIKYKDFILSKFKKAAPVENIRFQNLVHTNQFAQGVLGQSQ
HLCTVYDNPSWHSIVLETLDLDLIYKNVDKEFAKDGHAEGENIYTDYLVKELLRYFKQDF
FKWCNKPDCNHCGQNTSENMTPLGSQGPNGEESKFNCGTVEIYKCNRCGNITRFPRYNDP
IKLLETRKGRCGEWCNLFTLILKSFGLDVRYVWNREDHVWCEYFSNFLNRWVHVDSCEQS
FDQPYIYSINWNKKMSYCIAFGKDGVVDVSKRYILQNELPRDQIKEEDLKFLCQFITKRL
RYSLNDDEIYQLACRDEQEQIELIRGKTQETKSESVSAASKSSNRGRESGSADWKAQRGE
DGK"
complex portal_CPX-1335,559292,Saccharomyces cerevisiae,2,yes,,P25343,RVS161,265,">P25343|RVS161
MSWEGFKKAINRAGHSVIIKNVDKTIDKEYDMEERRYKVLQRAGEALQKEAKGFLDSLRA
VTASQTTIAEVISNLYDDSKYVAGGGYNVGNYYLQCVQDFDSETVKQLDGPLRETVLDPI
TKFSTYFKEIEEAIKKRDHKKQDFDAAKAKVRRLVDKPAKDASKLPRAEKELSLAKDIFE
NLNNQLKTELPQLVSLRVPYFDPSFEALIKIQLRFCTDGYTRLAQIQQYLDQQSRDDYAN
GLLDTKIEELLGQMTSLDICALGIK",P39743,RVS167,482,">P39743|RVS167
MSFKGFTKAVSRAPQSFRQKFKMGEQTEDPVYEDAERRFQELEQETKKLSEESKRYSTAV
NGMLTHQIGFAKSMEEIFKPISGKMSDPNATIPEDNPQGIEASEQYRAIVAELQETLKPD
LALVEEKIVTPCQELLKIITYIRKMATKRNHKKLDLDRHLNTYNKHEKKKEPTAKDEERL
YKAQAQVEVAQQEYDYYNDLLKTQLPILFSLEAEFVKPLFVSFYFMQLNIFYTLYNRLQD
MKIPYFDLNSDIVESYIAKKGNVEEQTDALTITHFKLGYSKAKLEMTRRKYGVATAEGSP
VSGASSGVGYGAGYDPATATSPTPTGYGYGAAAPSYAAQPAAQYGTAAAVGTAAAVGTAA
GAAAGAVPGTYPQYAAAQSPPLTGLGFQQSPQQQQGPPPAYSNPLTSPVAGTPAAAVAAA
PGVETVTALYDYQAQAAGDLSFPAGAVIEIVQRTPDVNEWWTGRYNGQQGVFPGNYVQLN
KN"
complex portal_CPX-1370,559292,Saccharomyces cerevisiae,2,yes,,Q03144,SNO1,224,">Q03144|SNO1
MHKTHSTMSGKSMKVIGVLALQGAFLEHTNHLKRCLAENDYGIKIEIKTVKTPEDLAQCD
ALIIPGGESTSMSLIAQRTGLYPCLYEFVHNPEKVVWGTCAGLIFLSAQLENESALVKTL
GVLKVDVRRNAFGRQAQSFTQKCDFSNFIPGCDNFPATFIRAPVIERILDPIAVKSLYEL
PVNGKDVVVAATQNHNILVTSFHPELADSDTRFHDWFIRQFVSN",Q03148,SNZ1,297,">Q03148|SNZ1
MTGEDFKIKSGLAQMLKGGVIMDVVTPEQAKIAEKSGACAVMALESIPADMRKSGKVCRM
SDPKMIKDIMNSVSIPVMAKVRIGHFVEAQIIEALEVDYIDESEVLTPADWTHHIEKDKF
KVPFVCGAKDLGEALRRINEGAAMIRTKGEAGTGDVSEAVKHIRRITEEIKACQQLKSED
DIAKVAEEMRVPVSLLKDVLEKGKLPVVNFAAGGVATPADAALLMQLGCDGVFVGSGIFK
SSNPVRLATAVVEATTHFDNPSKLLEVSSDLGELMGGVSIESISHASNGVRLSEIGW"
complex portal_CPX-1371,559292,Saccharomyces cerevisiae,2,yes,,P53823,SNO2,222,">P53823|SNO2
MTVVIGVLALQGAFIEHVRHVEKCIVENRDFYEKKLSVMTVKDKNQLAQCDALIIPGGES
TAMSLIAERTGFYDDLYAFVHNPSKVTWGTCAGMIYISQQLSNEEKLVKTLNLLKVKVKR
NAFGRQAQSSTRICDFSNFIPHCNDFPATFIRAPVIEEVLDPEHVQVLYKLDGKDNGGQE
LIVAAKQKNNILATSFHPELAENDIRFHDWFIREFVLKNYSK",Q03148,SNZ1,297,">Q03148|SNZ1
MTGEDFKIKSGLAQMLKGGVIMDVVTPEQAKIAEKSGACAVMALESIPADMRKSGKVCRM
SDPKMIKDIMNSVSIPVMAKVRIGHFVEAQIIEALEVDYIDESEVLTPADWTHHIEKDKF
KVPFVCGAKDLGEALRRINEGAAMIRTKGEAGTGDVSEAVKHIRRITEEIKACQQLKSED
DIAKVAEEMRVPVSLLKDVLEKGKLPVVNFAAGGVATPADAALLMQLGCDGVFVGSGIFK
SSNPVRLATAVVEATTHFDNPSKLLEVSSDLGELMGGVSIESISHASNGVRLSEIGW"
complex portal_CPX-1379,559292,Saccharomyces cerevisiae,2,yes,,P53312,LSC2,427,">P53312|LSC2
MYSRKSLSLISKCGQLSRLNAQAALQARRHLSIHEYRSAQLLREYGIGTPEGFPAFTPEE
AFEAAKKLNTNKLVIKAQALTGGRGKGHFDTGYKSGVHMIESPQQAEDVAKEMLNHNLIT
KQTGIAGKPVSAVYIVKRVDTKHEAYLSILMDRQTKKPMIIASSQGGMNIEEVAERTPDA
IKKFSIETSKGLSPQMAKDVAKSLGFSPDAQDEAAKAVSNLYKIFMERDATQVEINPLSE
IEHDPTHKIMCTDAKFGFDDNASFRQEKIYSWRDLSQEDPDEVKAKKYDLNFVKLKGNIG
CLVNGAGLAMATMDVIKLNGGDPANFLDCGGGATPETIKQGFELILSNKNVDAIFVNIFG
GIVRCDYVALGLVEAARELEVRVPIVARLQGTKVEEGRDIINKSGVKIYSFDELDPAAKK
VVELTQN",P53598,LSC1,329,">P53598|LSC1
MLRSTVSKASLKICRHFHRESIPYDKTIKNLLLPKDTKVIFQGFTGKQGTFHASISQEYG
TNVVGGTNPKKAGQTHLGQPVFASVKDAIKETGATASAIFVPPPIAAAAIKESIEAEIPL
AVCITEGIPQHDMLYIAEMLQTQDKTRLVGPNCPGIINPATKVRIGIQPPKIFQAGKIGI
ISRSGTLTYEAVQQTTKTDLGQSLVIGMGGDAFPGTDFIDALKLFLEDETTEGIIMLGEI
GGKAEIEAAQFLKEYNFSRSKPMPVASFIAGTVAGQMKGVRMGHSGAIVEGSGTDAESKK
QALRDVGVAVVESPGYLGQALLDQFAKFK"
complex portal_CPX-1407,559292,Saccharomyces cerevisiae,2,yes,,Q04110,ECM11,302,">Q04110|ECM11
MTVIKTEPTTEVTLYSPPSKESLSKDDAHRKKQNNKPPSSINSRSGPNKHKLAAKAPEKK
INNTDKQDLSAFLLNPSLIVKPSESKKKENIVAYNDTPGIKTEHTAFQPLTPISKKRALK
EKAASEKCDSFDLSRDEKPYIQKKSKTLSSVTEINSSEYKLSLNGENTSSPAKEKSQEPI
ENPGSYQKTRNYLFEKPDPLDTCLQDYSSMLPSNVAEEDQEYFISVADSTLEEWTNKGQE
IIDQQFQLYQEIIKKRIELSYKFKGIISVINDRADALEEQGQQLEGKIKKVKTLANEILN
II",Q06201,GMC2,188,">Q06201|GMC2
MSDTTEVPRQSSENDQDNNLERTNSLKSPDVTNNIPSLFKLAAEWQINNPQETFQNHILE
NDVLKKINEITHLIRESYKDLSSQDGMMSKQQQEKMDWDLFCTVPVNIIEQYTKDMDEIY
EKMERLAKQQRLWCESAFQIDVERCGDSILNAETWMKKKERHLEYKNIEMERSANEIKET
IQRLTDDR"
complex portal_CPX-1413,559292,Saccharomyces cerevisiae,2,yes,,P47111,VPS55,140,">P47111|VPS55
MMEFKVSPLTKIISLSGFLALGFLLVILSCALFHNYYPLFDILIFLLAPIPNTIFNAGNK
YHTSDFMSDSSNTGQDLAHFLTGMLVTSGIALPVVFYHCQLIGHLSCIMCMIGGLIIYSS
IVIFKWFFKKDFNEDDSLFG",Q12016,VPS68,184,">Q12016|VPS68
MEADDHVSLFRFPFKIPTFRGIRKGGVYLSGALYALGFWIFLDAVLYSRYSNASDVHVTF
IDWIPFLCSTLGTLIVNSIEKNRLLQGALSSDGGAFGSGVGDLDSSMAWQARTVLFFGFA
LLAGGLSGSIVVLIIKFLVKDYNTYPTLGMGVNNVLGNVCILLSCVVLWIAQNVEDEYSY
SLTL"
complex portal_CPX-1414,559292,Saccharomyces cerevisiae,2,yes,,Q12059,ULA1,462,">Q12059|ULA1
MERYDRQLRLWGALGQDSLNRSRVCVVGPATPLLQEVFKNLVLAGISSLTWLKVECAVQS
GSLFLAELKKDLEPLASKQLEYEENDLRKTLQQPQYDWTRFSVVILTCIGEQTAMLDLNE
IRRQRGTKFPPVLNTFVSGFYGYIYLVLSETHFVLQAHPDSKKYDLRLQNPWPELINYVD
TFDLSKMDTATFSGIPYTVLLMKCIAKLERDGNNGRITIDQMKKVLDQICLPLGNDVIYE
PNYVEAKRYAYLACSQNDCCKELEDLLRNLEISDYGNDWHDTYNYEILTLLLTLKNIAKE
NGELSFQPLTGTLPDMESTTENYIRLKKLYEVKAKLDKSRVEESLARSKKIVSQDVLETF
CSHYGEVRKILPPKSDLLGIFSTSNALLDALVMVQFWEQPAVTAEDKDEFIGLRVDDNYS
VMAFFGGAVVQEAIKLITHHYVPIDNLFLYNGINNSSATYKI",Q99344,UBA3,299,">Q99344|UBA3
MDCKILVLGAGGLGCEILKNLTMLSFVKQVHIVDIDTIELTNLNRQFLFCDKDIGKPKAQ
VAAQYVNTRFPQLEVVAHVQDLTTLPPSFYKDFQFIISGLDAIEPRRFINETLVKLTLES
NYEICIPFIDGGTEGLKGHVKTIIPGITACWECSIDTLPSQQDTVPMCTIANNPRCIEHV
VEYVSTIQYPDLNIESTADMEFLLEKCCERAAQFSISTEKLSTSFILGIIKSIIPSVSTT
NAMVAATCCTQMVKIYNDLIDLENGNNFTLINCSEGCFMYSFKFERLPDCTVCSNSNSN"
complex portal_CPX-1424,559292,Saccharomyces cerevisiae,2,yes,,P02557,TUB2,457,">P02557|TUB2
MREIIHISTGQCGNQIGAAFWETICGEHGLDFNGTYHGHDDIQKERLNVYFNEASSGKWV
PRSINVDLEPGTIDAVRNSAIGNLFRPDNYIFGQSSAGNVWAKGHYTEGAELVDSVMDVI
RREAEGCDSLQGFQITHSLGGGTGSGMGTLLISKIREEFPDRMMATFSVLPSPKTSDTVV
EPYNATLSVHQLVEHSDETFCIDNEALYDICQRTLKLNQPSYGDLNNLVSSVMSGVTTSL
RYPGQLNSDLRKLAVNLVPFPRLHFFMVGYAPLTAIGSQSFRSLTVPELTQQMFDAKNMM
AAADPRNGRYLTVAAFFRGKVSVKEVEDEMHKVQSKNSDYFVEWIPNNVQTAVCSVAPQG
LDMAATFIANSTSIQELFKRVGDQFSAMFKRKAFLHWYTSEGMDELEFSEAESNMNDLVS
EYQQYQEATVEDDEEVDENGDFGAPQNQDEPITENFE",P09733,TUB1,447,">P09733|TUB1
MREVISINVGQAGCQIGNACWELYSLEHGIKPDGHLEDGLSKPKGGEEGFSTFFHETGYG
KFVPRAIYVDLEPNVIDEVRNGPYKDLFHPEQLISGKEDAANNYARGHYTVGREILGDVL
DRIRKLADQCDGLQGFLFTHSLGGGTGSGLGSLLLEELSAEYGKKSKLEFAVYPAPQVST
SVVEPYNTVLTTHTTLEHADCTFMVDNEAIYDMCKRNLDIPRPSFANLNNLIAQVVSSVT
ASLRFDGSLNVDLNEFQTNLVPYPRIHFPLVSYSPVLSKSKAFHESNSVSEITNACFEPG
NQMVKCDPRDGKYMATCLLYRGDVVTRDVQRAVEQVKNKKTVQLVDWCPTGFKIGICYEP
PTATPNSQLATVDRAVCMLSNTTSIAEAWKRIDRKFDLMYAKRAFVHWYVGEGMEEGEFT
EAREDLAALERDYIEVGADSYAEEEEF"
complex portal_CPX-1425,559292,Saccharomyces cerevisiae,2,yes,,P02557,TUB2,457,">P02557|TUB2
MREIIHISTGQCGNQIGAAFWETICGEHGLDFNGTYHGHDDIQKERLNVYFNEASSGKWV
PRSINVDLEPGTIDAVRNSAIGNLFRPDNYIFGQSSAGNVWAKGHYTEGAELVDSVMDVI
RREAEGCDSLQGFQITHSLGGGTGSGMGTLLISKIREEFPDRMMATFSVLPSPKTSDTVV
EPYNATLSVHQLVEHSDETFCIDNEALYDICQRTLKLNQPSYGDLNNLVSSVMSGVTTSL
RYPGQLNSDLRKLAVNLVPFPRLHFFMVGYAPLTAIGSQSFRSLTVPELTQQMFDAKNMM
AAADPRNGRYLTVAAFFRGKVSVKEVEDEMHKVQSKNSDYFVEWIPNNVQTAVCSVAPQG
LDMAATFIANSTSIQELFKRVGDQFSAMFKRKAFLHWYTSEGMDELEFSEAESNMNDLVS
EYQQYQEATVEDDEEVDENGDFGAPQNQDEPITENFE",P09734,TUB3,445,">P09734|TUB3
MREVISINVGQAGCQIGNACWELYSLEHGIKEDGHLEDGLSKPKGGEEGFSTFFHETGYG
KFVPRAIYVDLEPNVIDEVRTGRFKELFHPEQLINGKEDAANNYARGHYTVGREIVDEVE
ERIRKMADQCDGLQGFLFTHSLGGGTGSGLGSLLLENLSYEYGKKSKLEFAVYPAPQLST
SVVEPYNTVLTTHTTLEHADCTFMVDNEAIYDICKRNLGISRPSFSNLNGLIAQVISSVT
ASLRFDGSLNVDLNEFQTNLVPYPRIHFPLVSYAPILSKKRATHESNSVSEITNACFEPG
NQMVKCDPTKGKYMANCLLYRGDVVTRDVQRAVEQVKNKKTVQMVDWCPTGFKIGICYEP
PSVIPSSELANVDRAVCMLSNTTAIADAWKRIDQKFDLMYAKRAFVHWYVGEGMEEGEFT
EAREDLAALERDYIEVGADSYAEEF"
complex portal_CPX-1739,559292,Saccharomyces cerevisiae,2,yes,,P33300,SUR1,382,">P33300|SUR1
MRKELKYLICFNILLLLSIIYYTFDLLTLCIDDTVKDAILEEDLNPDAPPKPQLIPKIIH
QTYKTEDIPEHWKEGRQKCLDLHPDYKYILWTDEMAYEFIKEEYPWFLDTFENYKYPIER
ADAIRYFILSHYGGVYIDLDDGCERKLDPLLAFPAFLRKTSPLGVSNDVMGSVPRHPFFL
KALKSLKHYDKYWFIPYMTIMGSTGPLFLSVIWKQYKRWRIPKNGTVRILQPAYYKMHSY
SFFSITKGSSWHLDDAKLMKALENHILSCVVTGFIFGFFILYGEFTFYCWLCSKNFSNLT
KNWKLNAIKVRFVTILNSLGLRLKLSKSTSDTASATLLARQQKRLRKDSNTNIVLLKSSR
KSDVYDLEKNDSSKYSLGNNSS",P35206,CSG2,410,">P35206|CSG2
MSTTLLWFSSVIGYVIQTKCLSNIQSKKEISVGPNGTIATPETNGDNGNSSSLTFYLTFM
YFASWLLLVPASRLWEKMRPMFVSDSDSNRNSQFDNNNSGSVTNEDVDTFSHVLDDPQPR
IPAQQQKQKIISVATFKYVAKLTVLALIMIVADLTYNMALSLSPAFDVALMQNTAIFEIV
TLLYGVCGISRKNYVFRNFLIMMNAVIGILIISYTKATCDMLAGKLSVNPNTGELSDPFL
FDRLKGALICGLGALIMGPFAVLWNRWFCSNISKNENSAVVLVKQSTHMALIGIIGMVIL
LPFIPKFPSRESVESISLFYNDKSFWFSLLGSIIFGSLPSLISILELNRKAPAEYLTTCN
LGAIIFMGLAEWVCEPTQTTIVRWEVIGYIMLTVSLLVLSVTLGEGKYHH"
complex portal_CPX-1740,559292,Saccharomyces cerevisiae,2,yes,,P35206,CSG2,410,">P35206|CSG2
MSTTLLWFSSVIGYVIQTKCLSNIQSKKEISVGPNGTIATPETNGDNGNSSSLTFYLTFM
YFASWLLLVPASRLWEKMRPMFVSDSDSNRNSQFDNNNSGSVTNEDVDTFSHVLDDPQPR
IPAQQQKQKIISVATFKYVAKLTVLALIMIVADLTYNMALSLSPAFDVALMQNTAIFEIV
TLLYGVCGISRKNYVFRNFLIMMNAVIGILIISYTKATCDMLAGKLSVNPNTGELSDPFL
FDRLKGALICGLGALIMGPFAVLWNRWFCSNISKNENSAVVLVKQSTHMALIGIIGMVIL
LPFIPKFPSRESVESISLFYNDKSFWFSLLGSIIFGSLPSLISILELNRKAPAEYLTTCN
LGAIIFMGLAEWVCEPTQTTIVRWEVIGYIMLTVSLLVLSVTLGEGKYHH",P38287,CSH1,376,">P38287|CSH1
MKKELKILIIANIALLISIIHYTFDLLTLCIDDTSKDALTDEQLNPPNGFNSTFYESPPQ
LIPKIIHQTYKTNDIPEQWVKGRQKCIDLHPDYTYILWTDEMSDTFIKQEYPWFLDTFRS
YEYPIERADAIRYFILSHYGGIYIDLDDGCERRLDPLLKVPAFLRKTSPTGVSNDVMGSV
PRHPFFLKVIKSLKHYKKNWYIPYMTIMGSTGPLFISVVWKQYKRWSNTAENGAVRILQP
ADYKMHNNSFFSISKGSSWHTGDANFMKTLENHILSCVVTGFIFGFFILYGEFTFYTWLC
SGPFNNKRYYIQWLSDKFKLHKWKLTSSYKNKEKRRNPTRHEYNSRGKRLRKDSNIPYDS
VFLDIEKNHAKFTDLT"
complex portal_CPX-1742,559292,Saccharomyces cerevisiae,2,yes,,P47058,TAD2,250,">P47058|TAD2
MQHIKHMRTAVRLARYALDHDETPVACIFVHTPTGQVMAYGMNDTNKSLTGVAHAEFMGI
DQIKAMLGSRGVVDVFKDITLYVTVEPCIMCASALKQLDIGKVVFGCGNERFGGNGTVLS
VNHDTCTLVPKNNSAAGYESIPGILRKEAIMLLRYFYVRQNERAPKPRSKSDRVLDKNTF
PPMEWSKYLNEEAFIETFGDDYRTCFANKVDLSSNSVDWDLIDSHQDNIIQELEEQCKMF
KFNVHKKSKV",Q9URQ3,TAD3,322,">Q9URQ3|TAD3
MVKKVNNPLKIDYQNGIIENRLLQIRNFKDVNTPKLINVWSIRIDPRDSKKVIELIRNDF
QKNDPVSLRHLKRIRKDIETSTLEVVLCSKEYICDEGEINNKLKSIWVGTKKYELSDDIE
VPEFAPSTKELNNAWSVKYWPLIWNGNPNDQILNDYKIDMQEVRNELSRASTLSVKMATA
GKQFPMVSVFVDPSRKKDKVVAEDGRNCENSLPIDHSVMVGIRAVGERLREGVDEDANSY
LCLDYDVYLTHEPCSMCSMALIHSRVRRVVFLTEMQRTGSLKLTSGDGYCMNDNKQLNST
YEAFQWIGEEYPVGQVDRDVCC"
complex portal_CPX-1787,559292,Saccharomyces cerevisiae,2,yes,,P18410,SPO7,259,">P18410|SPO7
MEPESIGDVGNHAQDDSASIVSGPRRRSTSKTSSAKNIRNSSNISPASMIFRNLLILEDD
LRRQAHEQKILKWQFTLFLASMAGVGAFTFYELYFTSDYVKGLHRVILQFTLSFISITVV
LFHISGQYRRTIVIPRRFFTSTNKGIRQFNVKLVKVQSTWDEKYTDSVRFVSRTIAYCNI
YCLKKFLWLKDDNAIVKFWKSVTIQSQPRIGAVDVKLVLNPRAFSAEIREGWEIYRDEFW
AREGARRRKQAHELRPKSE",P38757,NEM1,446,">P38757|NEM1
MNALKYFSNHLITTKKQKKINVEVTKNQDLLGPSKEVSNKYTSHSENDCVSEVDQQYDHS
SSHLKESDQNQERKNSVPKKPKALRSILIEKIASILWALLLFLPYYLIIKPLMSLWFVFT
FPLSVIERRVKHTDKRNRGSNASENELPVSSSNINDSSEKTNPKNCNLNTIPEAVEDDLN
ASDEIILQRDNVKGSLLRAQSVKSRPRSYSKSELSLSNHSSSNTVFGTKRMGRFLFPKKL
IPKSVLNTQKKKKLVIDLDETLIHSASRSTTHSNSSQGHLVEVKFGLSGIRTLYFIHKRP
YCDLFLTKVSKWYDLIIFTASMKEYADPVIDWLESSFPSSFSKRYYRSDCVLRDGVGYIK
DLSIVKDSEENGKGSSSSLDDVIIIDNSPVSYAMNVDNAIQVEGWISDPTDTDLLNLLPF
LEAMRYSTDVRNILALKHGEKAFNIN"
